INSERT INTO
    public.authors (id, name)
VALUES
    (1, 'Міура Кентаро'),
    (2, 'Studio Gaga'),
    (3, 'Аракі Хірохіко'),
    (4, 'Іноуе Такехіко'),
    (5, 'Йошікава Ейджі'),
    (6, 'Ода Ейїчіро'),
    (7, 'Урасава Наокі'),
    (8, 'Юкімура Макото'),
    (9, 'Аракава Хірому'),
    (10, 'Іноуе Кенджі'),
    (11, 'Йошіока Кімітаке'),
    (12, 'Хара Ясухіса'),
    (13, 'Асано Ініо'),
    (14, 'Ічікава Харуко'),
    (15, 'Каджівара Іккі'),
    (16, 'Чіба Тецуя'),
    (17, 'Адзума Кійохіко'),
    (18, 'Рюкіші07'),
    (19, 'Акасака Ака'),
    (20, 'Фурудате Харуїчі'),
    (21, 'Ямада Канехіто'),
    (22, 'Абе Цукаса'),
    (23, 'Ооїма Йошітокі'),
    (24, 'Мікамі Сака'),
    (25, 'Уміно Чіка'),
    (26, 'Кусанаґі Мідзухо'),
    (27, 'Shinichi Sakamoto'),
    (28, 'Мо Сян Тон Сьов'),
    (29, 'Ядзава Ай'),
    (30, 'Міядзакі Хаяо'),
    (31, 'Куй Рьоко'),
    (32, 'Таґучі Шьоїчі'),
    (33, 'Тоґаші Йошіхіро'),
    (34, 'Морікава Джордж'),
    (35, 'Кояма Чюя'),
    (36, 'Цукуші Акіхіто'),
    (37, 'Цукумідзу'),
    (38, 'Сакура Амю'),
    (39, 'Yusuke Murata'),
    (40, 'ONE'),
    (41, 'Ji-Hoon Jeong'),
    (42, 'Урушібара Юкі'),
    (43, 'Фуджімото Тацукі'),
    (44, 'Обата Такеші'),
    (45, 'Ооба Цуґумі'),
    (46, 'Сакуїші Гарольд'),
    (47, 'Цурумайкада'),
    (48, 'Хаяшіда Кю'),
    (49, 'Шірахама Камоме'),
    (50, 'Хюґа Нацу'),
    (51, 'Мідорікава Юкі'),
    (52, 'Накатані Ніо'),
    (53, 'Отомо Кацухіро'),
    (54, 'Ашінано Хітоші'),
    (55, 'Кобаяші Юґо'),
    (56, 'Naohiko Ueno'),
    (57, 'Асаґірі Кафка'),
    (58, 'Чхугон'),
    (59, 'Sung-rak Jang'),
    (60, 'Сорачі Хідеакі'),
    (61, 'Eita Mizuno'),
    (62, 'Яйой Со'),
    (63, 'sing N song'),
    (64, 'Sleepy-C'),
    (65, 'Satoru Noda'),
    (66, 'Kazuo Koike'),
    (67, 'Goseki Kojima'),
    (68, 'Тедзука Осаму'),
    (69, 'Yongseok Jo'),
    (70, 'Ямаґучі Цубаса'),
    (71, 'Амано Кодзуе'),
    (72, 'Сако Тошіо'),
    (73, 'Akimi Yoshida'),
    (74, 'Такамацу Місакі'),
    (75, 'Аракава Наоші'),
    (76, 'Фукумото Нобуюкі'),
    (77, 'Садамото Йошіюкі'),
    (78, 'Old Xian'),
    (79, 'Суецуґу Юкі'),
    (80, 'Мочідзукі Джюн'),
    (81, 'Наґасакі Такаші'),
    (82, 'Морі Каору'),
    (83, 'Тераджіма Юджі'),
    (84, 'Ісаяма Хаджіме'),
    (85, 'Айда Іро'),
    (86, 'Накамура Йошікі'),
    (87, 'Мінамі Кацухіса'),
    (88, 'Брауні'),
    (89, 'Taiyou Kuzumi'),
    (90, 'Ішіда Суй'),
    (91, 'Судзукі Джульєтта'),
    (92, 'Jae-Ho Son'),
    (93, 'Hye-Jin Kim'),
    (94, 'Такая Нацукі'),
    (95, 'Вацукі Нобухіро'),
    (96, 'Каїтані Шінобу'),
    (97, 'Харусоно Шьо'),
    (98, 'Мацумото Таййо'),
    (99, 'Шіндзо Кейґо'),
    (100, 'Soonkki'),
    (101, 'Хаторі Біско'),
    (102, 'Хіґашімура Акіко'),
    (103, 'Yoshikazu Yasuhiko'),
    (104, 'Томіно Йошіюкі'),
    (105, 'Сахара Мідзу'),
    (106, 'Кідзу Нацукі'),
    (107, 'Кіріхара Ідзумі'),
    (108, 'Суміно Йору'),
    (109, 'Oh! Great'),
    (110, 'Нішіо Ішін'),
    (111, 'Yuki Kodama'),
    (112, 'Shinichi Ishizuka'),
    (113, 'Ендо Тацуя'),
    (114, 'Harukawa35'),
    (115, 'Морішіта суу'),
    (116, 'Carnby Kim'),
    (117, 'Йокота Такума'),
    (118, 'Мідзукамі Сатоші'),
    (119, 'D Jun'),
    (120, 'Моріно Меґумі'),
    (121, 'Канешіро Мунеюкі'),
    (122, 'Номура Юсуке'),
    (123, 'Вакакі Тамікі'),
    (124, 'Інаґакі Ріїчіро'),
    (125, 'Spoon'),
    (126, 'Plutus'),
    (127, 'Yuhki Kamatani'),
    (128, 'Оотаке Масао'),
    (129, 'Sumiko Arai'),
    (130, 'Адачі Міцуру'),
    (131, 'Asumiko Nakamura'),
    (132, 'Тацу Юкінобу'),
    (133, 'SUOL'),
    (134, 'Коме Кейто'),
    (135, 'Хасекура Ісуна'),
    (136, 'Такеучі Рьосуке'),
    (137, 'Hikaru Miyoshi'),
    (138, 'Абе Джордж'),
    (139, 'Какідзакі Масасумі'),
    (140, 'Da Xia'),
    (141, 'Pas Kim'),
    (142, 'Торіяма Акіра'),
    (143, 'Морі Коджі'),
    (144, 'Fujio F. Fujiko'),
    (145, 'Hinase Momoyama');

INSERT INTO
    public.genres (id, name)
VALUES
    (1, 'Гротеск'),
    (2, 'Жахи'),
    (3, 'Відзначений нагородами'),
    (4, 'Психологія'),
    (5, 'Драма'),
    (6, 'Бойовик'),
    (7, 'Фентезі'),
    (8, 'Міфологія'),
    (9, 'Надприродне'),
    (10, 'Війна'),
    (11, 'Пригоди'),
    (12, 'Загадкове'),
    (13, 'Історичне'),
    (14, 'Самураї'),
    (15, 'Шьонен'),
    (16, 'Про дорослих'),
    (17, 'Спорт'),
    (18, 'Школа'),
    (19, 'Буденність'),
    (20, 'Фантастика'),
    (21, 'Комедія'),
    (22, 'Догляд за дітьми'),
    (23, 'Іяшікей'),
    (24, 'Романтика'),
    (25, 'Ісекай'),
    (26, 'Стратегія'),
    (27, 'Шьоджьо'),
    (28, 'Хлопчаче кохання'),
    (29, 'Музика'),
    (30, 'Любовний багатокутник'),
    (31, 'Про їжу'),
    (32, 'Космос'),
    (33, 'Робота'),
    (34, 'Супергерої'),
    (35, 'Пародія'),
    (36, 'Медицина'),
    (37, 'Дівчаче кохання'),
    (38, 'Жарти'),
    (39, 'Детектив'),
    (40, 'Високі ставки'),
    (41, 'Порушники'),
    (42, 'Мехи'),
    (43, 'Гарем'),
    (44, 'Мемуари'),
    (45, 'Бойові мистецтва'),
    (46, 'Вампіри'),
    (47, 'Лиходійка'),
    (48, 'Антропоморфізм');

INSERT INTO
    public.mangas (
        id,
        picture,
        background_picture,
        name,
        name_ua,
        release_date,
        status,
        number_of_chapters,
        description,
        vidget
    )
VALUES
    (
        1,
        'https://cdn.hikka.io/content/manga/berserk-fb9fbd/_k-c2Jia2JOcguyOMMEPGQ.jpg',
        'background/berserk-fb9fbd.jpg',
        'Berserk',
        'Берсерк',
        '1989-01-01',
        'Онгоїнг',
        NULL,
        '[Ґатс](https://hikka.io/characters/guts-9f9850), відомий як Чорний Мечник, шукає порятунку від демонічних сил, яких вабить до нього прокляте тавро на шиї. Але перш за все, звісно, помста. Помста тому, хто залишив на ньому цей нечестивий знак!
Титанічна сила, здобута в часи дорослішання у суворому оточенні безжалісних найманців, гігантський меч та протез руки – ось і все, що має допомогти Ґатсу перемогти його прокляту долю. Але разом із тим це зовсім не захищає його від того гніву, що кожної хвилини погрожує остаточно позбавити чоловіка його людяності.

Джерело [Honey Manga](https://honey-manga.com.ua/book/229c6107-ffb0-4f67-adf5-f57da015ad77)',
        'carousel'
    ),
    (
        2,
        'https://cdn.hikka.io/content/manga/jojo-no-kimyou-na-bouken-part-7-steel-ball-run-0bdd18/236_1QKsVrG7C55F_TSnBg.jpg',
        'background/jojo-no-kimyou-na-bouken-part-7-steel-ball-run-0bdd18.jpg',
        'JoJo''s Bizarre Adventure Part 7: Steel Ball Run',
        'Химерні пригоди ДжоДжо Частина 7: Перегони «Сталева куля»',
        '2004-01-01',
        'Завершена',
        96,
        '1890 рік. Підприємець Стівен Стіл влаштовує найбільшу за своїм розмахом гонку на конях через усю Америку. Поставивши на кін $50.000.000. Наїзники зі всього світу збираються, щоб поборотися за приз. Це по-справжньому унікальна гонка, і назва їй Стіл-Болл-Ран.
У той же час юнак на ім''я Джонні Джостар, інвалід-візочник та колишній вершник, встигає подивитися на початок перегонів. Там він стає свідком бійки між карамником і іноземцем Джайро Цеппелі, який використовує як зброю сталеві кулі, що обертаються. Головний герой, збентежений побаченим, випадково торкається їх і вперше за кілька років інвалідності, нехай і на секунду, але починає відчувати ноги.
Бажаючи дізнатися секрет сталевих куль, Джонні Джостар знайомиться з Джайро і стає учасником гонки, навіть не уявляючи, яка пригода на нього чекає.

Джерело [Honey Manga](https://honey-manga.com.ua/book/2c37f190-18a6-4ede-ad80-087719c90db3)',
        'carousel'
    ),
    (
        3,
        'https://cdn.hikka.io/content/manga/vagabond-875acb/-qBy7yL_HV2pnGKqPnp2MA.jpg',
        'background/vagabond-875acb.jpg',
        'Vagabond',
        'Волоцюга',
        '1998-01-01',
        'Завершена',
        327,
        'Зростаючи наприкінці 16-го століття в Японії епохи Сенґоку, Шінмен Такедзо, через свою дику та жорстоку вдачу, зазнав від місцевих мешканців прокльону "диявольське дитя". У віці 17 років Такедзо тікає з дому разом з іншим хлопцем і приєднується до армії Тойотомі, щоб битися з кланом Токуґава у битві при Секіґахарі. Однак Токуґава здобуває нищівну перемогу, що призвела до майже трьохсотлітнього правління шьо̄ґунату. Такедзо та його другові вдається вижити в битві, і після неї вони присягаються, що зроблять великі справи у своєму житті. Однак після того, як їхні шляхи розходяться, Такедзо стає розшукуваним злочинцем і мусить змінити своє ім''я та сутність, щоб уникнути безславної смерті.

Джерело [Honey Manga](https:///book/c22a0ac3-8c2c-402e-9a67-156c6a2f59f3)',
        'popular'
    ),
    (
        4,
        'https://cdn.hikka.io/content/manga/one-piece-f180bc/Gtp0FGFvfngwVWB3cSEPHg.jpg',
        'background/one-piece-f180bc.jpg',
        'One Piece',
        'Ван Піс',
        '1997-01-01',
        'Онгоїнг',
        NULL,
        'Останні слова, сказані Королем Піратів Голд Роджером перед стратою, надихнули багатьох вийти в море: "Мої скарби? Я заповідаю їх тому, хто зможе їх знайти. Шукайте! Я все залишив в одному місці!". Позбавлені сну і спокою люди кинулися на Гранд Лайн, найнебезпечніше місце у світі. Так почалася велика ера піратів... Але з кожним роком романтиків ставало дедалі менше, їх поступово витісняли прагматичні пірати-розбійники, яким награбоване добро було набагато ближчим, ніж якісь "нікчемні мрії". Але ось, одного прекрасного дня, сімнадцятирічний Монкі Д. Луффі здійснив заповітну мрію дитинства - вирушив у море. Його мета - ні багато, ні мало стати новим Королем Піратів. За досить короткий термін юному капітану вдається зібрати команду, що складається з не менш амбітних шукачів пригод. І нехай ними рухають абсолютно різні устремління, головне, цим хлопцям важливі не стільки гроші і слава, скільки набагато цінніше - принципи і вірність друзям. І ще - служіння Мрії. Що ж, поки по Гранд Лайн плавають такі люди, Велика Ера Піратів завжди буде з нами!

Джерело [Zenko](https://zenko.online/titles/121)',
        'popular'
    ),
    (
        5,
        'https://cdn.hikka.io/content/manga/monster-54bb37/_MV1VLheaPyS6sUPQDXTPQ.jpg',
        'background/monster-54bb37.jpg',
        'Monster',
        'Монстр',
        '1994-01-01',
        'Завершена',
        162,
        'Кожен стикається з невизначеністю в якийсь момент свого життя. Навіть такий блискучий нейрохірург, як Кендзо Тенма, не є винятком. Але він ніяк не міг знати, що його рішення припинити гонитву за професійним успіхом і натомість зосередитися на своїй клятві рятувати життя людей призведе до народження "монстра".

Джерело [Manga.in.ua](https://manga.in.ua/mangas/detektiv/1885-montr.html)',
        'carousel'
    ),
    (
        6,
        'https://cdn.hikka.io/content/manga/vinland-saga-049055/5p-UmIigQ-SmKjFg0DVv7g.jpg',
        'background/vinland-saga-049055.jpg',
        'Vinland Saga',
        'Сага про Вінланд',
        '2005-01-01',
        'Завершена',
        NULL,
        'Суворий Вінланд – віддалений куточок Північної Америки, якого першими відкрили вікінги, мужні скандинавські воїни, звиклі до суворих умов. Вони мали б триматись разом, плечем до плеча. Тільки буває і не так.

Брехун і вбивця, саме таким [Аскеладд](https://hikka.io/characters/askeladd-695475) завжди залишатиметься для [Торфінна](https://hikka.io/characters/thorfinn-698714). Колись переляканий хлопчик, а тепер грізний воїн понад все прагне помститись за вбивство [батька](https://hikka.io/characters/thors-873642). Тільки полководця Аскеладда не так просто дістати.

Роки битв та постійного ризику загартували Торфінна. Кожна бійка відточувала його майстерність перед дуеллю із заклятим ворогом. Та чи тільки з Аскеладдом потрібно воювати хлопцю, чи й з власним скрижанілим серцем, яке тримається за минуле?

Несподіваний викрутас долі змусить його поглянути на світ по-іншому.

Джерело [Nasha idea](https://nashaidea.com/product/sagaprovinland_tom1/)',
        'carousel'
    ),
    (
        7,
        'https://cdn.hikka.io/content/manga/slam-dunk-9a8ce9/ZLNWB6T-oNDe6mdUHGWUgw.jpg',
        'background/slam-dunk-9a8ce9.jpg',
        'Slam Dunk',
        'Слем Данк',
        '1990-01-01',
        'Завершена',
        276,
        'В баскетболі перемога - не головне, але хто хоче сидіти на лаві програвших? Щоб бути першим, потрібна неабияка відданість справі та дисципліна, а команда Старшої Шогоку, як раз хоче бути такими. В них залишився останній рік для реалізації мрії їх капітана - пройти у фінал. Чи впораються вони? Легендарна та всіма обожнюєма манґа від Такехіко Іноує нарешті тут і ця дивовижна історія тепер доступна вам.

Ганамічі Сакураґі ніколи щастило з дівчатами – з жодною! Не допомагає й те, що він відомий своєю завзятістю: за який би спорт не взявся – завжди перші місця! Втратившому надію воїну вже відмовили 50 разів підряд! Але все змінюється, коли він зустрічає дівчину своїх вологих мрій – Харуко! Так вона ще й не боїться його! Коли вона познайомила його з баскетболом, його життя назавжди змінилося...

Джерело [Honey Manga](https://honey-manga.com.ua/book/9c2e91a0-78dd-4041-abd2-66d0b20e34a3)',
        'carousel'
    ),
    (
        8,
        'https://cdn.hikka.io/content/manga/fullmetal-alchemist-7ef8d2/EzjWvOwzurMs6fmWJKXjVA.jpg',
        'background/fullmetal-alchemist-7ef8d2.jpg',
        'Fullmetal Alchemist',
        'Сталевий алхімік',
        '2001-01-01',
        'Завершена',
        116,
        'Алхімія розірвала тіла братів Елріків. Чи зможе братерський зв’язок допомогти їм знову стати цілими?

Світ, створений [Хірому Аракавою](https://hikka.io/people/hiromu-arakawa-ea706d), — маніфест технічного прогресу, де особливе місце займає алхімія — точна наука, яка не пробачає самовпевненості і помилок. В ній не так багато законів, але ті, що є, переступати не можна. Вона не дозволяє гратися з людською душею і нещадно карає, та це не зупиняє тих, хто готовий пожертвувати всім.

Брати Елріки намагаються повернути найдорожчу людину. Та чи варто намагатися вирвати когось з обіймів смерті? Хіба сам не боїшся померти.

Під час ритуалу воскресіння [Альфонс](https://hikka.io/characters/alphonse-elric-e3622e) опиняється на межі між життям і смертю, він стає безтілесним. А що ж [Едвард](https://hikka.io/characters/edward-elric-3a3963)? Він заплатив за цю спробу ногою. Неймовірним зусиллям йому вдається зберегти братову душу, прив’язавши її до обладунка. Та це життям не назвеш. Як повернути брата? Існує тільки один спосіб — легендарний філософський камінь, який дає алхіміку необмежену владу над матерією.

Едвард — сталевий алхімік на службі у війська. Тепер він може знайти лік для брата. На шляху до мети алхімік не гребує нічим, перетворюючи ледь живого Альфонса на машину для вбивства. Та чи стане ближчим філософський камінь?

Джерело [Nasha idea](https://nashaidea.com/product/stalevuyalhimik_tom1/)',
        'popular'
    ),
    (
        9,
        'https://cdn.hikka.io/content/manga/grand-blue-2c0192/xRohtSxxMXdaHJ2wP-ikoA.jpg',
        'background/grand-blue-2c0192.jpg',
        'Grand Blue Dreaming',
        'Неосяжна блакить',
        '2014-01-01',
        'Онгоїнг',
        NULL,
        'Переїхавши до приморського містечка, [Кітахара Іорі](https://hikka.io/characters/iori-kitahara-a8152c) розпочинає самостійне університетське життя. Перед ним відкриваються нові горизонти, відтепер його дні сповнені дайвінгу з вродливими дівчатами й витівками з купкою шибеників! Приготуйтеся до занурення в карколомну студентську історію, наповнену п’янкими пригодами!

Джерело [MAL''OPUS](https://malopus.com.ua/manga/grand-blue-omnibus-1)',
        'popular'
    ),
    (
        10,
        'https://cdn.hikka.io/content/manga/kingdom-1def5e/_3m-pbsPNNyoosCEaz8yug.jpg',
        'background/kingdom-1def5e.jpg',
        'Kingdom',
        'Королівство',
        '2006-01-01',
        'Онгоїнг',
        NULL,
        'Мільйони років минуло з часів легенд, коли світ людей і богів був єдиним. У ті часи бажання людини верховодило над світом. Це була епоха 500-річної війни, період держав, що воювали. «Королівство» — історія про хлопчину на ім’я Сінь, котрий прагне стати найвеличнішим генералом та про безліч випробувань та скитань, повз які пролягатиме його шлях до мети.

Джерело [Manga.in.ua](https://manga.in.ua/mangas/boyovik/24835-history-of-qin.html)',
        'latest'
    ),
    (
        11,
        'https://cdn.hikka.io/content/manga/oyasumi-punpun-5bf670/d2aWJEnBmDMZrU0OpUcpZw.jpg',
        'background/oyasumi-punpun-5bf670.jpg',
        'Goodnight Punpun',
        'Добраніч, Пунпуне',
        '2007-01-01',
        'Завершена',
        147,
        'Зустрічайте — [Пунпун Пун’яма](https://hikka.io/characters/punpun-onodera-0278f0)!

Він звичайний малий, який любить шоколадні торти.

Він хоче отримати Нобелівську премію та врятувати світ.

Він хоче взаємності від дівчини, в яку до нестями закоханий.

Він хоче забав із друзями та розкрити злочин.

Усе це він хоче, проте що з цього матиме?..

Це історія про те, як приймати та змінювати важку реальність у не досить простому оточенні. Про пошуки себе в цьому бездушному, незбагненному світі. Про питання, на які кожен із нас хотів би знати відповідь. І про те, як під впливом травматичних переживань, дитина поступово перестає бути дитиною…

Джерело [Nasha idea](https://nashaidea.com/product/dobranich-punpune-tom-1/)',
        'popular'
    ),
    (
        12,
        'https://cdn.hikka.io/content/manga/houseki-no-kuni-ed65ee/K22O0tCsyyC_tLw6pU_3oA.jpg',
        'background/houseki-no-kuni-ed65ee.jpg',
        'Land of the Lustrous',
        'Край самоцвітів',
        '2012-01-01',
        'Завершена',
        108,
        'У далекому майбутньому на планеті виникла нова форма життя — самоцвіти. Це створіння, наділені безсмертними тілами. Кожен із них — унікальне коштовне каміння, на яке безжально полюють місячники: спіймавши одного, вони перетворюють його на прикраси.

[Фосфофіліт](https://hikka.io/characters/phosphophyllite-c45e89) — наймолодший із групи самоцвітів, який повсякчас лишається осторонь у запеклій війні з місячною загрозою. [Кіновар](https://hikka.io/characters/cinnabar-e752e6) — самітник, вимушений жити окремо. Чи може цих двох обʼєднати спільна справа, що допоможе втілити їхні прагнення?

Джерело [MAL''OPUS](https://malopus.com.ua/index.php?route=octemplates/blog/oct_blogarticle&blogarticle_id=209)',
        'latest'
    ),
    (
        13,
        'https://cdn.hikka.io/content/manga/real-dbb66a/HTgL7sBZIv0byDzvw2zCQg.jpg',
        'background/real-dbb66a.jpg',
        'Real',
        'Справжній',
        '1999-01-01',
        'Онгоїнг',
        NULL,
        'Номія Томомі покидає школу і хоче присвятити своє життя піклуванню про Нацумі, дівчині, яку він прирік на довічну нерухомість після трагічної велопрогулянки. Він намагається змінити своє життя, перетворившись із розбишаки на надійного хлопця. Проблема в тому, що і Нацумі і її сестра, здається, зовсім не зважають про Номію, справедливо звинувачуючи його в аварії. До того ж, єдиний помітний талант, яким володіє головний герой, - це баскетбол. Усе змінюється, коли він знайомиться з Тогавою Кійохару, баскетболістом на візку.

Джерело [Manga.in.ua](https://manga.in.ua/mangas/budenst/77642-realnist.html)',
        'carousel'
    ),
    (
        14,
        'https://cdn.hikka.io/content/manga/20th-century-boys-6d9c09/TRKXNJn48Gf0C5t3e080Zw.jpg',
        'background/20th-century-boys-6d9c09.jpg',
        '20th Century Boys',
        'Хлопці 20-го століття',
        '1999-01-01',
        'Завершена',
        249,
        'У дитинстві Кенджі з друзями мріяли врятувати світ від жахливої загрози. Вони створили таємний символ, що поєднав їх узами клятви. І ось, вже дорослі, вони несподівано для себе виявляють, що світові насправді загрожує небезпека, яка дивним чином пов''язана з їхнім минулим.

Джерело [Manga.in.ua](https://manga.in.ua/mangas/detektiv/47-khlopci-20-go-stolittia.html)',
        'popular'
    ),
    (
        15,
        'https://cdn.hikka.io/content/manga/ashita-no-joe-f83bd1/AHjnTyvHPyq6gsDU0eMiIw.jpg',
        'background/ashita-no-joe-f83bd1.jpg',
        'Ashita no Joe: Fighting for Tomorrow',
        'Завтрашній Джо',
        '1968-01-01',
        'Завершена',
        171,
        'Джо Ябукі — проблемний молодий чоловік, який тікає з притулку. Блукаючи нетрями Токіо, він зустрічає колишнього тренера з боксу Данпея. Пізніше Джо заарештовують і він потрапляє до тимчасової в''язниці, де б''ється з Ніші, своїм майбутнім найкращим другом і лідером групи хуліганів. Потім він та Ніші потрапляють до виправної колонії за багато миль від Токіо. Там Джо зустрічає Рікііші, колишнього боксерського вундеркінда, і між ними виникає суперництво. Вони зустрічаються в поєдинку, де Рікііші домінує над Джо, поки останній не вдаряє його зустрічним ударом, внаслідок чого обоє втрачають свідомість. Це надихає інших ув''язнених зайнятися боксом. Джо і Рікііші клянуться знову побитися.

Джерело [Manga.in.ua](https://manga.in.ua/mangas/boyovik/72190-zavtrashnij-dzho.html)',
        'popular'
    ),
    (
        16,
        'https://cdn.hikka.io/content/manga/yotsuba-to-528932/ZCk6OadZjeAGUzh2qYzrFg.jpg',
        'background/yotsuba-to-528932.jpg',
        'Yotsuba&!',
        'Йоцуба та!',
        '2003-01-01',
        'Онгоїнг',
        NULL,
        '[Йоцуба](https://hikka.io/characters/yotsuba-koiwai-957d01) — це маленьке дивне дівча з великою особистістю! Її ім’я з японської означає "чотирилиста конюшина", цьому також відповідає форма та колір її волосся. Але чи значить це, що вона приносить тільки удачу? Хтозна... зрозуміло одне: з цією дівчинкою ніколи не знудишся, бо вона швидко перетворює щось буденне на екстраординарне!

Джерело [Manga.in.ua](https://manga.in.ua/mangas/budenst/34910-yotsubato.html)',
        'latest'
    ),
    (
        17,
        'https://cdn.hikka.io/content/manga/umineko-no-naku-koro-ni-chiru-episode-8-twilight-of-the-golden-witch-e503c0/NQRq6GLEB97w9Fu6mRyNYg.jpg',
        'background/umineko-no-naku-koro-ni-chiru-episode-8-twilight-of-the-golden-witch-e503c0.jpg',
        'Umineko When They Cry Episode 8: Twilight of the Golden Witch',
        'У час, коли плачуть чайки Епізод 8: Сутінки Золотої відьми',
        '2012-01-01',
        'Завершена',
        42,
        '',
        'carousel'
    ),
    (
        18,
        'https://cdn.hikka.io/content/manga/kaguya-sama-wa-kokurasetai-tensai-tachi-no-renai-zunousen-c69533/vKFfNf-X0SeTUBJYlFF4EA.jpg',
        'background/kaguya-sama-wa-kokurasetai-tensai-tachi-no-renai-zunousen-c69533.jpg',
        'Kaguya-sama: Love Is War',
        'Каґуя хоче, щоб їй зізналися: Війна любові та розуму геніїв',
        '2015-01-01',
        'Завершена',
        281,
        'У стінах приватної академії Шючіїн президент студради Шіроґане Міюкі та його заступник Шіномія Каґуя вважаються геніями серед геніїв. До того ж, багато хто бачить їх ідеальною парою, хоч обоє і називають це всього лише плітками, а їхні стосунки чисто діловими. Та з часом у них з''являються одне до одного почуття, які вже важко назвати просто приязню або діловими стосунками... Але першими зізнатись вони не можуть, тому беруть на озброєння свій інтелект, навички, світлі та темні сторони своєї особистості - все, аби змусити супротивника зізнатися першим. Кохання - це війна, а отже переможе тільки один!

Джерело [Manga.in.ua](https://manga.in.ua/mangas/drama/1821-kaguya-sama-wa-kokurasetai.html)',
        'latest'
    ),
    (
        19,
        'https://cdn.hikka.io/content/manga/haikyuu-816f8a/bh4nrHD2jBksH83ADxd3iQ.jpg',
        'background/haikyuu-816f8a.jpg',
        'Haikyu!!',
        'Волейбол!!',
        '2012-01-01',
        'Завершена',
        407,
        'Хіната Шьо, побачивши один волейбольний матч, прагне стати «маленьким гігантом» і вступає до волейбольного клубу середньої школи. Насилу зібравши різношерсту команду, йому вдається взяти участь у змаганнях середніх шкіл. Там їхній шлях перетинається з Каґеямою Тобіо на прізвисько «король майданчика». І хоча його команда зазнала принизливої поразки, Шьо має намір продовжувати заняття волейболом і помститися Каґеямі. І що ж із цього вийде, ви дізнаєтесь прочитавши мангу!

Джерело [Zenko](https://zenko.online/titles/327)',
        'carousel'
    ),
    (
        20,
        'https://cdn.hikka.io/content/manga/sousou-no-frieren-97e05f/urNLzR-yBDc1PAHLMmLOvw.jpg',
        'background/sousou-no-frieren-97e05f.jpg',
        'Frieren: Beyond Journey''s End',
        'Проводжальниця Фрірен',
        '2020-01-01',
        'Онгоїнг',
        NULL,
        'Ельфійка-чарівниця [Фрірен](https://hikka.io/characters/frieren-7f706c) та її відважні побратими повертаються додому після переможної пригоди. Вони подолали Володаря демонів і принесли на ці землі мир… Але ельфійське життя незрівнянно довге, й зовсім скоро від команди героя [Гіммеля](https://hikka.io/characters/himmel-17d919) нікого, крім Фрірен, не залишиться… Та чи здатна ельфійка, яка не знає, що таке старість, осягнути скінченність людського життя?

Десятки років по тому [Фрірен](https://hikka.io/characters/frieren-7f706c) відвідує похорон одного зі своїх друзів і, спустошена, замислюється: що ж насправді вона знає про рід людський? Чи її доля — вічний сум за тими, хто вже не поруч? Чи вона має унікальну можливість ушанувати їхні історії? Фрірен вирішує дізнатися більше про своїх друзів, і так починається нова пригода — ностальгічна подорож уторованими стежками…

Джерело [Nasha idea](https://nashaidea.com/product/friren-tom-1/)',
        'carousel'
    ),
    (
        21,
        'https://cdn.hikka.io/content/manga/koe-no-katachi-1e6cce/CyT8JpiqaRk79joVfMZiiQ.jpg',
        'background/koe-no-katachi-1e6cce.jpg',
        'A Silent Voice',
        'Форма голосу',
        '2013-01-01',
        'Завершена',
        64,
        '[Шьоя](https://hikka.io/characters/shouya-ishida-fff100) — хуліган, для якого немає обмежень. Його не зупиняють жодні заборони. Він будь-що прагне уникати пазурів нудьги.

Коли [Шьоко](https://hikka.io/characters/shouko-nishimiya-bc2cf3), дівчинка, яка не чує, вперше заходить до класу в початковій школі, то стає улюбленою мішенню для знущань Шьої та його банди. Вона не може дати відсіч. Легка здобич.

Буває, дитяча жорстокість заходить далеко… Шьоко не може залишатися в цій школі. Шьоя зрештою розуміє, що накоїв.

Ці двоє зустрінуться шість років по тому. Чи зможе Шьоя виправити помилки минулого… чи для нього вже запізно?

Джерело [Nasha idea](https://nashaidea.com/product/forma-holosu-tom-1/)',
        'popular'
    ),
    (
        22,
        'https://cdn.hikka.io/content/manga/kaoru-hana-wa-rin-to-saku-398925/5YDSvUX3xlhQALeoyCEccQ.jpg',
        'background/kaoru-hana-wa-rin-to-saku-398925.jpg',
        'The Fragrant Flower Blooms with Dignity',
        'Запашна квітка цвіте гідно',
        '2021-01-01',
        'Онгоїнг',
        NULL,
        'Старша школа Чідорі — це школа для хлопців, яка приймає шибеників суспільства з найнижчими оцінками. Поруч стоїть школа для дівчат Кікьо, куди заможні сім''ї з вищого класу відправляють своїх дорогоцінних доньок. Другорічник у Чідорі, [Рінтаро](https://hikka.io/characters/rintarou-tsumugi-c109e3), з жорстоким обличчям, але ніжним серцем, допомагає в родинній кондитерській, коли знайомиться з дівчиною, яку звати [Каоруко](https://hikka.io/characters/kaoruko-waguri-6ba6e6). Вони одразу ж знайшли спільну мову... але цей приємний мир швидко обрушується, коли Рінтаро дізнається, що Каоруко насправді учениця в Кікьо. Гірше того, вона, здається, не усвідомлює, яка це величезна проблема! Чи зможуть ці двоє прокласти собі шлях і оминути пастки (метафоричні та буквальні), розставлені однокласниками?

Джерело [Manga.in.ua](https://manga.in.ua/mangas/drama/21052-kaoru-hana-wa-rin-to-saku.html)',
        'latest'
    ),
    (
        23,
        'https://cdn.hikka.io/content/manga/the-greatest-estate-developer-a8945b/Yb02PEQbOm7FSdc0DGZEtw.jpg',
        'background/the-greatest-estate-developer-a8945b.jpg',
        'The Greatest Estate Developer',
        'Найкращий інженер у світі',
        '2021-01-01',
        'Онгоїнг',
        NULL,
        'Коли студент-інженер Кім Су-Хо засинає, читаючи фентезійний роман, він прокидається як персонаж книги! Тепер Су-Хо в тілі Ллойда Фронтери, лінивого дворянина, який любить випити, і чия родина в боргах. Використовуючи свої інженерні знання, Су-Хо створює винаходи, щоб запобігти жахливому майбутньому, яке підстерігає його. Чи зможе Су-Хо за допомогою гігантського хом’яка, лицаря та світової магії витягнути свою нову сім’ю з боргів і побудувати краще майбутнє?

Джерело [Honey Manga](https://honey-manga.com.ua/book/72a4caaa-a699-4262-9a82-18ff8fa94083)',
        'popular'
    ),
    (
        24,
        'https://cdn.hikka.io/content/manga/3-gatsu-no-lion-2895c2/Rrh9jhGclK7gq_mFKhLHTA.jpg',
        'background/3-gatsu-no-lion-2895c2.jpg',
        'March Comes in Like a Lion',
        'Березневий лев',
        '2007-01-01',
        'Онгоїнг',
        NULL,
        '[Кіріяма Рей](https://hikka.io/characters/rei-kiriyama-bab315) — видатний гравець у шьоґі. Серед небагатьох еліт, які стали професіоналами ще в середній школі, його вважають генієм. Але за його феноменальною маскою ховається підліток, який страждає від величезного тиску як з боку сім''ї, так і від високих очікувань спільноти шьоґі. Рей вирішує жити більш незалежним життям, переїхавши від своєї родини, але його неорганізований стиль життя та несоціальний характер не показують жодних ознак покращення.

Однак у повороті долі, який стане переломним моментом у його житті, [Рей](https://hikka.io/characters/rei-kiriyama-bab315) зустрічає сестер Кавамото — турботливу [Акарі](https://hikka.io/characters/akari-kawamoto-129f0d), пристрасну [Хінату](https://hikka.io/characters/hinata-kawamoto-839ff6) та енергійну [Момо](https://hikka.io/characters/momo-kawamoto-72075b) — які дуже про нього піклуються. «Березневий лев» розповідає історію Рея, як він змінює своє меланхолійне життя і набирається сміливості почати вирішувати проблеми, яких він уникав у минулому.

Джерело [MyAnimeList](https://myanimelist.net/manga/1224/3-gatsu_no_Lion?q=march%20lio&cat=manga)',
        'popular'
    ),
    (
        25,
        'https://cdn.hikka.io/content/manga/akatsuki-no-yona-98edfd/QTEaUbJVNxUohFqbagOB6A.jpg',
        'background/akatsuki-no-yona-98edfd.jpg',
        'Yona of the Dawn',
        'Світанкова Йона',
        '2009-01-01',
        'Онгоїнг',
        NULL,
        'Принцеса Йона живе ідеальним життям єдиної спадкоємиці свого королівства: улюблена донька короля, яка знаходиться під надійним захистом свого відважного охоронця Хака. Вона безтурботно проводить час зі своїм коханим Сувоном. Але ж усе змінюється в її шістнадцятий день народження, коли в її родині сталася страшна трагедія!

Йона відійшла від шоку побаченого вбивства, що скоїв її коханий, та тепер б''ється за своє життя. З допомогою Хаку вона втекла з палацу та повинна боротись за себе, долаючи ворогів. Але куди вигнана принцеса піде, коли всі шляхи перед нею невідомі?

Джерело [Honey Manga](https://honey-manga.com.ua/book/93fee3bb-9069-4dc3-8f97-a7b07852c934)',
        'carousel'
    ),
    (
        26,
        'https://cdn.hikka.io/content/manga/kokou-no-hito-ff41d6/skoEltMvOTwl2vH69tsXfg.jpg',
        'background/kokou-no-hito-ff41d6.jpg',
        'The Climber',
        'Скелелаз',
        '2007-01-01',
        'Завершена',
        170,
        'Через біль і важкі зусилля можна досягти вершини світу. Коли стоїш там, де ще не ступала нога людини, в грудях виникає щемке відчуття успіху. Це і є те, заради чого тренується, працює і живе Морі Бунтаро.

Джерело [Manga.in.ua](https://manga.in.ua/mangas/dementia/58656-skelelaz-kokou-no-hito.html)',
        'carousel'
    ),
    (
        27,
        'https://cdn.hikka.io/content/manga/tian-guan-cifu-7cc791/grWQGM_y7Z7xVZ4nKa47uw.jpg',
        'background/tian-guan-cifu-7cc791.jpg',
        'Heaven Official''s Blessing',
        'Благословення небесного урядника',
        '2019-01-01',
        'Онгоїнг',
        NULL,
        'Вісім століть тому [Сє Лянь](https://hikka.io/characters/lian-xie-f59843) був кронпринцом прославленого королівства, його обожнювали прості жителі та поважали високопоставлені чиновники.

Тому ніхто не здивувався, коли він, будучи ще зовсім юним, зійшов на Небеса і зайняв місце серед безсмертних небожителів. Однак, надовго Сє Лянь там не затримався, оком не встиг ніхто моргнути, як його вигнали назад у світ смертних.

І ось через вісімсот років Сє Лянь, що став уже предметом для насмішок, робить чергову (вже третю за рахунком) спробу повернутися на Небеса. Знову ставши богом, Сє Лянь отримує перше завдання, виконуючи яке, стикається з таємничим демоном, який довгий час слідкує за ним. Що потрібно цьому демону від Сє Ляня? І чи вдасться тому не зганьбитися і залишитися нарешті на Небесах?

Джерело [Zenko](https://zenko.online/titles/444)',
        'popular'
    ),
    (
        28,
        'https://cdn.hikka.io/content/manga/nana-91817e/yNw79q8d4RfEfK5I4YakYg.jpg',
        'background/nana-91817e.jpg',
        'Nana',
        'Нана',
        '2000-01-01',
        'Завершена',
        84,
        'Нана Комацу — дівчина з провінційного містечка, що їде до Токіо услід за своїм хлопцем і друзями з коледжу та за життям своєї мрії. Нана Осакі - вокалістка популярного в минулому панк-рок-гурта в рідному місті. Вона їде до Токіо з метою стати співачкою. Дві Нани зустрічаються у поїзді до міста. А пізніше їхні долі перетинаються у квартирі, яку обидві хотіли орендувати. І тепер, Нана та Нана - сусідки, життя котрих сплелося разом.

Джерело [Honey Manga](https://honey-manga.com.ua/book/2c45591b-b8ec-4a10-9911-97716a4f7df1)',
        'popular'
    ),
    (
        29,
        'https://cdn.hikka.io/content/manga/kaze-no-tani-no-nausicaa-6c6146/gdwnJXwHVwquVKJYobLJ2A.jpg',
        'background/kaze-no-tani-no-nausicaa-6c6146.jpg',
        'Nausicaä of the Valley of the Wind',
        'Навсікая з долини вітрів',
        '1982-01-01',
        'Завершена',
        59,
        '',
        'latest'
    ),
    (
        30,
        'https://cdn.hikka.io/content/manga/dungeon-meshi-14988a/0tWW1i9fGxbfUGsRAth7nA.jpg',
        'background/dungeon-meshi-14988a.jpg',
        'Delicious in Dungeon',
        'Підземелля смакоти',
        '2014-01-01',
        'Завершена',
        102,
        '[Лайос](https://hikka.io/characters/laios-thorden-ae5634) і його гурт пригодників зазнали невдачі в підземеллі. Ба гірше, дракон проковтнув сестру хлопця, і тепер вони мусять повернутися по неї. Та як подорожувати далі, коли втратили всю їжу та гроші? Хіба що… вдасться підживитися великим розмаїттям монстрів, що населяють підземелля! Хай там що думають інші члени гурту, Лайосу ця ідея здалася фантастичною.

Джерело [MAL''OPUS](https://malopus.com.ua/index.php?route=octemplates/blog/oct_blogarticle&blogarticle_id=121)',
        'latest'
    ),
    (
        31,
        'https://cdn.hikka.io/content/manga/jumyou-wo-kaitotte-moratta-ichinen-ni-tsuki-ichimanen-de-db67a5/bWLz7-LbiY24-fZ48PLPOw.jpg',
        'background/jumyou-wo-kaitotte-moratta-ichinen-ni-tsuki-ichimanen-de-db67a5.jpg',
        'I sold my life for ten thousand yen per year.',
        'Я продав своє життя за десять тисяч єн на рік',
        '2016-01-01',
        'Завершена',
        18,
        'Бідний і голодний 20-річний Кусунокі знаходить магазин, який купляє у людей життя, час або здоров''я. Почувши, що його життя оцінене в мінімальні десять тисяч єн за рік, він продає усе своє життя, лишивши собі три місяці, щоб насолодитися отриманими грошима.

Джерело [Manga.in.ua](https://manga.in.ua/mangas/drama/267-jumyou-wo-kaitotte-moratta-ichinen-ni-tsuki-ichimanen-de-ya-prodav-svoye-zhittya-za-desyat-tisyach-yen-na-rk.html)',
        'carousel'
    ),
    (
        32,
        'https://cdn.hikka.io/content/manga/no-home-ae2113/IyHpcoj8YTYHLou5OeSBcw.jpg',
        'background/no-home-ae2113.jpg',
        '',
        'Безпритульні',
        '2018-01-01',
        'Завершена',
        269,
        'Хеджун Го, що втік з дому, і проблемний підліток Иньон Пек, який живе в наметі. Ці двоє зустрілися за складних обставин і змушені жити разом у покинутому моторошному гуртожитку.

Джерело [Manga.in.ua](https://manga.in.ua/mangas/budenst/54850-bezpritulni.html)',
        'latest'
    ),
    (
        33,
        'https://cdn.hikka.io/content/manga/hunter-x-hunter-f2e250/aTTdyoChfmsft4aAdaOdEw.jpg',
        'background/hunter-x-hunter-f2e250.jpg',
        'Hunter x Hunter',
        'Мисливець х Мисливець',
        '1998-01-01',
        'Онгоїнг',
        NULL,
        'Дія відбувається у світі, де існує певна організація Мисливців. Їхня ліцензія дає їм безліч привілеїв — можливість безплатно подорожувати першими класами різних видів транспорту, доступ до закритої для інших людей інформації та право брати великі суми грошей у банках. Через це чимало охочих стати Мисливцями. Тому щорічно проводиться іспит, на якому вибираються ті небагато, хто дійсно гідний бути Мисливцем. Головний герой, Гон Фрікс, вирушає на іспит з метою стати Мисливцем та знайти свого батька. Йому належить подолати багато труднощів на своєму шляху та зустріти чудових друзів, у кожного з яких свої причини стати Мисливцем.

Джерело [Manga.in.ua](https://manga.in.ua/mangas/boyovik/14196-hunter-x-hunter.html)',
        'latest'
    ),
    (
        34,
        'https://cdn.hikka.io/content/manga/hajime-no-ippo-586731/TU8SmetnIFg2Jjwwq7tnQw.jpg',
        'background/hajime-no-ippo-586731.jpg',
        'Hajime no Ippo: Fighting Spirit!',
        'Перший крок',
        '1989-01-01',
        'Онгоїнг',
        NULL,
        'Головний герой — Іппо, навчається у старшій школі. Через те, що він не має друзів, над ним постійно насміхається Умізава зі своїми друзями-хуліганами. Одного разу, коли вони його били, недалечко пробігав професійний боєць, який втрутився у сутичку, а потім забрав Іппо до боксерського залу, щоб залікувати його рани. Після того, як головний герой прокинувся, боксер, який його урятував, Мамору Такамура, запропонував виплеснути весь гнів на мішку з піском. Саме тоді Іппо показав свої перспективи боксера.

Джерело [Manga.in.ua](https://manga.in.ua/mangas/boyovik/12842-pershij-krok-hajime-no-ippo.html)',
        'latest'
    ),
    (
        35,
        'https://cdn.hikka.io/content/manga/uchuu-kyoudai-1742cf/A4aqhkez3ntC1Pb7d4xAwQ.jpg',
        'background/uchuu-kyoudai-1742cf.jpg',
        'Space Brothers',
        'Космічні брати',
        '2007-01-01',
        'Онгоїнг',
        NULL,
        '',
        'popular'
    ),
    (
        36,
        'https://cdn.hikka.io/content/manga/made-in-abyss-286e72/qWaN_LAjxk7iH8ORUmwfWw.jpg',
        'background/made-in-abyss-286e72.jpg',
        'Made in Abyss',
        'Зроблено в Безодні',
        '2012-01-01',
        'Онгоїнг',
        NULL,
        'У цьому світі не так багато недосліджених куточків. Здається, вже все давно відкрили. Тільки не її… лабіринт печер, який називається Безодня. Величезна вирва, вертикальний колодязь, повний скарбів та невідомих істот. Ніхто не знає, звідки взялася Безодня, ніхто не може пояснити, чому вона саме така.

Тих, кому вдається долати нескінченні проходи і провали печерного лабіринту, називаються глибинологами.

Сирота [Ріко](https://hikka.io/characters/riko-d1aca6) теж мріє стати однією з них, адже саме такою була її матір. Їй ще бракує вмінь, але звістка від матусі, яка десь глибоко в Безодні, мотивує дівчину запекло тренуватися. Бо інакше вони більше ніколи не побачаться…

Тож, коли одного разу біля краю провалля Ріко зустрічає [дивного робота](https://hikka.io/characters/reg-d3a84c), надзвичайно схожого на людину, вона розуміє, що стала на крок ближче до досягнення мети.

Джерело [Nasha idea](https://nashaidea.com/product/zrobleno-v-bezodni-1/)',
        'popular'
    ),
    (
        37,
        'https://cdn.hikka.io/content/manga/shoujo-shuumatsu-ryokou-4dccd6/H005knth7qETFNd92zrEfg.jpg',
        'background/shoujo-shuumatsu-ryokou-4dccd6.jpg',
        'Girls'' Last Tour',
        'Остання подорож дівчат',
        '2014-01-01',
        'Завершена',
        47,
        'Новий рівень, новий невідомий дівчатам світ. Усе ще сповнений руїн і водночас небачених досі краєвидів. Ліхтарі, що освітлюють нічний морок, химерні статуї, що вишиковуються довгими рядами... Сівши на незмінний кеттенкрад, [Чіто](https://hikka.io/characters/chito-725105) та [Юурі](https://hikka.io/characters/yuuri-290b2c) продовжують свій шлях. Що ж на них чекає попереду?..

Джерело [MAL''OPUS](https://malopus.com.ua/manga/manga-ostannya-podorozh-divchat-tom-1)',
        'latest'
    ),
    (
        38,
        'https://cdn.hikka.io/content/manga/kono-oto-tomare-df93a1/vgLNWDC4IZMlYTnMt50ArA.jpg',
        'background/kono-oto-tomare-df93a1.jpg',
        'Kono Oto Tomare! Sounds of Life',
        'Втримай цей звук!',
        '2012-01-01',
        'Онгоїнг',
        NULL,
        'Після того, як усі члени музичного клубу кото закінчили навчання, [Курата Такедзо](https://hikka.io/characters/takezou-kurata-5590cb) залишився один як новий президент клубу. Тепер, обтяжений складним завданням відновлення членства, він намагається залучити будь-кого через відсутність інтересу. Коли Курата майже втрачає надію зберегти клуб, з''являється страшний хуліган [Кудо Чіка](https://hikka.io/characters/chika-kudou-4bc861), заявляючи, що він приєднається до клубу та стане його президентом.

Спочатку [Курата](https://hikka.io/characters/takezou-kurata-5590cb) відмовляється приймати таку проблемну людину, знаючи про темні чутки, що ходять про [Кудо](https://hikka.io/characters/chika-kudou-4bc861). Однак, відкривши вразливішу сторону Кудо та його таємничий зв''язок із клубом, Курата змінює своє рішення. Клуб, який скоро мав би розпуститися, рятує вундеркінд гри на кото [Ходзукі Сатова](https://hikka.io/characters/satowa-houzuki-58020c), яка своїм шармом залучає до клубу енергійних друзів Кудо — [Адачі Санеясу](https://hikka.io/characters/saneyasu-adachi-3c7c1d), [Сакай Мічітаку](https://hikka.io/characters/michitaka-sakai-a304e3) та [Мідзухару Коту](https://hikka.io/characters/kouta-mizuhara-9f2db4).

З достатньою кількістю членів, щоб зберегти статус клубу, [Ходзукі](https://hikka.io/characters/satowa-houzuki-58020c) заявляє, що вони прагнутимуть стати найкращими гравцями на кото в країні, на превеликий жаль [Курати](https://hikka.io/characters/takezou-kurata-5590cb). Ця група молодих музикантів має попереду дорогу, наповнену викликами та труднощами, і, подолавши свої страхи та розбіжності, їхні прагнення цілком можуть здійснитися.

Джерело [MyAnimeList](https://myanimelist.net/manga/45143/Kono_Oto_Tomare)',
        'latest'
    ),
    (
        39,
        'https://cdn.hikka.io/content/manga/veil-cf1308/Z-nsH_sre7R72YCGgE2xSw.jpg',
        'background/veil-cf1308.jpg',
        'Veil',
        'Вуаль',
        '2019-01-01',
        'Онгоїнг',
        NULL,
        'Це історія про двох закоханих — поліцейського та сліпу, які випадково познайомилися на вулиці.
Завдяки сміливому, але водночас делікатному стилю малювання, цей стильний повнокольоровий комікс ілюструє тонку атмосферу близості, яка присутня між ними двома.

Джерело [Honey Manga](https://honey-manga.com.ua/book/2e5a3ce6-c6b3-4c71-beda-308ad0af7363)',
        'popular'
    ),
    (
        40,
        'https://cdn.hikka.io/content/manga/one-punch-man-cd9090/sSPVQK3UpHygaPZ3hlYXSA.jpg',
        'background/one-punch-man-cd9090.jpg',
        'One-Punch Man',
        'Ванпанчмен',
        '2012-01-01',
        'Онгоїнг',
        NULL,
        'Усі події відбуваються у альтернативному світі, що схожий на наш, за винятком факту існування у ньому чудовиськ та героїв. У центрі історії перебуває герой Сайтама, що має надлюдські здібності, які дозволяють йому перемагати будь-яких ворогів всього одним ударом. Протягом усіх сюжетних арок Сайтама переслідує єдидну ціль — знайти супротивника, що зможе дати йому достойну відсіч. Паралельно з цим Сайтама намагається здобути визнання у «Геройській асоціації», члени якої займаються професійною боротьбою проти Зла. Однак, не зважаючи на те, що Сайтама є фактично найсильнішим героєм Землі, йому доводиться починати свій шлях з останнього місця асоціації. По мірі розвитку сюжету, Сайтама знаходить собі нових друзів і ворогів, та займається тренуванням свого учня — кіборга Дженоса, що хоче дізнатись секрет неймовірної сили вчителя та помститися власному ворогу.

Джерело [Manga.in.ua](https://manga.in.ua/mangas/boyovik/45-onepunch-man.html)',
        'latest'
    ),
    (
        41,
        'https://cdn.hikka.io/content/manga/the-horizon-f9ebc0/Us1AP19KemJwBCzJeDV96A.jpg',
        'background/the-horizon-f9ebc0.jpg',
        'The Horizon',
        'Крайнебо',
        '2016-01-01',
        'Завершена',
        21,
        'Світ, де все втрачено. [Хлопчик](https://hikka.io/characters/the-boy-753c7e) і [дівчинка](https://hikka.io/characters/the-girl-d1178c) залишилися на самоті. Єдине, що їм залишається – йти вперед. Але проти зламаних дорослих і руйнівного відчаю, як довго вони зможуть продовжувати…?

Джерело [Varvar Publishing](https://varvarpublishing.com/product/krajnebo-tom-1/)',
        'latest'
    ),
    (
        42,
        'https://cdn.hikka.io/content/manga/mushishi-9d2f80/vMi0428vnqr3kIupY7_e0Q.jpg',
        'background/mushishi-9d2f80.jpg',
        'Mushishi',
        'Мушіші',
        '1999-01-01',
        'Завершена',
        50,
        'Муші – не рослини і не звірі, не мікроби і не гриби. Це невидимі зазвичай містичні істоти, які живуть своїм життям, рідко перетинаючись із життям людей. Та все ж іноді таке трапляється, і частіше за все не на користь людям. Саме тоді потрібні мушіші – знавці муші, які знають їхні повадки і як із ними поводитися. Один із них на ім’я Ґінко блукає країною, зустрічаючи на своєму шляху різноманітних людей і муші.

Джерело [Manga.in.ua](https://manga.in.ua/mangas/detektiv/20-mayster-mush.html)',
        'popular'
    ),
    (
        43,
        'https://cdn.hikka.io/content/manga/chainsaw-man-8c501e/dPZfsoJC2JzeX3_jLeSUDg.jpg',
        'background/chainsaw-man-8c501e.jpg',
        'Chainsaw Man',
        'Людина-бензопила',
        '2018-01-01',
        'Онгоїнг',
        NULL,
        'У Денджі є мрія — жити мирним і щасливим життям і проводити час з коханою дівчиною. Однак хлопець має убивати дияволів, щоб розплатитися з величезними боргами покійного батька. Разом зі своєю диявольською тваринкою Почітою, яку він використовує як зброю, Денджі готовий зробити що завгодно, навіть за невелику платню.

Невдовзі хлопця убиває диявол, що уклав угоду з якудзою. Однак вірний Почіта рятує свого господаря, уклавши з ним контракт. Почіта став одним цілим з Денджі, замінивши йому серце,і подарував йому сили людини-бензопили. Тепер перероджений Денджі, отримавши вміння перетворювати частини свого тіла у бензопили, використовує ці здібності, щоб швидко і жорстоко розправлятися з ворогами. Бюро громадської безпеки дає йому роботу мисливця на дияволів. Віднині Денджі не зупиниться ні перед чим, щоб втілити свої мрії у життя.

Джерело [Honey Manga](https://honey-manga.com.ua/book/524653f6-43a3-422b-adc5-e8c7bb5a8f3b)',
        'popular'
    ),
    (
        44,
        'https://cdn.hikka.io/content/manga/death-note-680eb4/d2YV_3qLZ_2xPCdBnEkueg.jpg',
        'background/death-note-680eb4.jpg',
        'Death Note',
        'Зошит смерті',
        '2003-01-01',
        'Завершена',
        108,
        'У студента коледжу Яґамі Лайта є блискучі перспективи на майбутнє і ні найменшої ідеї, чим заповнити сьогодення. Хлопець божеволіє від нудьги. Але все змінюється, коли він знаходить записну книжку бога смерті. Будь-яка людина, чиє ім''я виявиться на її сторінці, помре. Лайт вирішує використовувати Зошит смерті, щоб позбавити світ від зла. Куди приведуть ці благі наміри?

Джерело [Manga.in.ua](https://manga.in.ua/mangas/detektiv/1621-zoshit-cmerti.html)',
        'latest'
    ),
    (
        45,
        'https://cdn.hikka.io/content/manga/beck-66586a/CzuruwROHzo5LMwBC5ysjg.jpg',
        'background/beck-66586a.jpg',
        'BECK: Mongolian Chop Squad',
        'Бек: Східний ударний гурт',
        '2000-01-01',
        'Завершена',
        103,
        'Перші 14 років свого життя Юкіо Танака був страшенно нудним хлопцем. У нього не було гобі, слабенький музичний смак і лише невеликі ознаки індивідуальності. Він мріяв про захоплююче життя, але його сором''язливість і дещо невротичний характер зробили його найгіршим ворогом для самого себе. Він і гадки не має, що його життя назавжди зміниться, коли він зустріне Рюске Мінамі, зухвалого і непередбачуваного 16-річного хлопця, який нещодавно приїхав з Америки і грає у рок-н-рольному гурті, названому на честь його схожого на Франкенштейна латаного собаки - Бека.

Джерело [Zenko](https://zenko.online/titles/1666)',
        'popular'
    ),
    (
        46,
        'https://cdn.hikka.io/content/manga/medalist-97b502/VO5TksWGoVNeNWWOCxx6fg.jpg',
        'background/medalist-97b502.jpg',
        '',
        'Медалістка',
        '2020-01-01',
        'Онгоїнг',
        NULL,
        '',
        'latest'
    ),
    (
        47,
        'https://cdn.hikka.io/content/manga/on-the-way-to-see-my-mom-06e50a/eJtqWuSsOW_LB0QleG83vA.jpg',
        'background/on-the-way-to-see-my-mom-06e50a.jpg',
        'On the Way to Meet Mom',
        'На шляху до мами',
        '2024-01-01',
        'Завершена',
        31,
        'Одного дня, після того, як рятувальники знайшли його в покинутому будинку, Морі несподівано потрапляє до дитячого притулку. Тут він починає вчитися жити по-новому - з великими пакунками, які надсилає йому таємничий спонсор. Але коли його найближчий друг возз''єднується зі своєю матір''ю і залишає центр, Морі вперше дізнається про існування матері у кожної дитини, і вирушає в подорож, щоб знайти свою власну. Але які перешкоди чекають на нього на цьому шляху?

Джерело [Honey Manga](https://honey-manga.com.ua/book/e755b6c1-ec03-4458-beb6-a9326ac1d86e)',
        'latest'
    ),
    (
        48,
        'https://cdn.hikka.io/content/manga/dorohedoro-5184dc/78JmQvxYwzJE7y0gEeSuIA.jpg',
        'background/dorohedoro-5184dc.jpg',
        'Dorohedoro',
        'Дорохедоро',
        '2000-01-01',
        'Завершена',
        190,
        'Ця історія крутиться навколо Каймана, який зовсім не пам‘ятає, ким він був до того, як якийсь маг його змінив. Це неочікуване перетворення залишило його з головою рептилії і бажанням дізнатися правду про те, ким же він є насправді. Супроводжуваний Нікайдо, його компаньйоном-дівчиною, він шукає магів Діри і безцеремонно вгризається в їхні голови, сподіваючись дізнатися, хто ж довів його до такого стану. Один за одним вони бачили цього «другого чоловіка» в голові Каймана і після того, як їх діставали з його рота, він питав усіх... «Що сказав хлопець усередині моєї голови?»

Джерело [Manga.in.ua](https://manga.in.ua/mangas/boyovik/144-drohero.html)',
        'latest'
    ),
    (
        49,
        'https://cdn.hikka.io/content/manga/tongari-boushi-no-atelier-53ed2b/ug5tAfIkefNyAUWja09UKg.jpg',
        'background/tongari-boushi-no-atelier-53ed2b.jpg',
        'Witch Hat Atelier',
        'Ательє чаклунських капелюхів',
        '2016-01-01',
        'Онгоїнг',
        NULL,
        '[Коко](https://hikka.io/characters/coco-a6b526) змалку зачудовувалася магією. На жаль, чаклувати можуть лише обрані, ті, що від народження володіють магією. Одного разу селище, в якому мешкає дівчинка, відвідує чаклун на ім’я [Кіфлі](https://hikka.io/characters/qifrey-ff85c7). Коко потайки спостерігає за тим, як він чаклує, і довідується про справжню природу магії. Вона пригадала, що багато років тому одна таємнича незнайомка подарувала їй книгу з магії та чорнильне перо для відтворення магічних фігур. Дівчинка потайки починає вчитися чаклувати, але це призводить до трагічних подій...

Зрештою, прагнучи виправити свою помилку, [Коко](https://hikka.io/characters/coco-a6b526) стає ученицею чаклуна [Кіфлі](https://hikka.io/characters/qifrey-ff85c7) й відкриває світ, про існування якого досі навіть не здогадувалася!

Джерело [Nasha Idea](https://nashaidea.com/product/ateliye-chaklunskih-kapeluhiv-tom1/)',
        'popular'
    ),
    (
        50,
        'https://cdn.hikka.io/content/manga/kusuriya-no-hitorigoto-08d606/VvUyEMu9J8v3lpT3Gf0LqQ.jpg',
        'background/kusuriya-no-hitorigoto-08d606.jpg',
        'The Apothecary Diaries',
        'Монолог травниці',
        '2017-01-01',
        'Онгоїнг',
        NULL,
        '[Маомао](https://hikka.io/characters/maomao-0f0481), юна дівчина, що має талант лікування рідкими цілющими травами, змушена працювати скромною служницею у внутрішньому палаці. Хоча вона прагне до життя за межами розкішних залів, вона не бажає собі нудного життя! Використовуючи свою кмітливість, щоб зняти «прокляття», яке вразило спадкоємців імперії, Маомао привертає увагу вродливого можновладця [Джінші](https://hikka.io/characters/jinshi-ae4614) та отримує підвищення до дегустаторки їжі. Але у Джінші інші плани щодо молодої травниці, та зовсім скоро Маомао повернеться до виготовлення ліків і... розгадування таємниць!

Джерело [Lantsuta](https://lantsuta-publishing.com/manga-ua/apothecary1-ua)',
        'latest'
    ),
    (
        51,
        'https://cdn.hikka.io/content/manga/natsume-yuujinchou-7870f3/vyKulijw4XKyu_5O7p046w.jpg',
        'background/natsume-yuujinchou-7870f3.jpg',
        'Natsume''s Book of Friends',
        'Книга друзів Нацуме',
        '2003-01-01',
        'Онгоїнг',
        NULL,
        '',
        'carousel'
    ),
    (
        52,
        'https://cdn.hikka.io/content/manga/kimi-to-tsuzuru-utakata-32c735/DNrCmPx426TFmbtvOpg9Hw.jpg',
        'background/kimi-to-tsuzuru-utakata-32c735.jpg',
        'The Summer You Were There',
        'Літо, коли ти була там',
        '2020-01-01',
        'Завершена',
        32,
        'Шідзуку Хошікава, старшокласниця, яка живе, уникаючи контактів з людьми, пише роман, який випадково читає її однокласниця Каорі Асака. їй подобається, але вона дізнається, що Хошікава не планує більше писати через брак ідей, на що та відповідає: "Почнімо зустрічатися, ти і я. Ти зможеш написати історію про наше власне кохання."

Джерело [Manga.in.ua](https://manga.in.ua/mangas/romantika/43289-lito-koli-ti-bula-tam-kimi-to-tsuzuru-utakata.html)',
        'latest'
    ),
    (
        53,
        'https://cdn.hikka.io/content/manga/yagate-kimi-ni-naru-1ac2a3/z3mF25fdM4wdVoCeUP8Qow.jpg',
        'background/yagate-kimi-ni-naru-1ac2a3.jpg',
        'Bloom into You',
        'Коли прийде час, я стану тобою',
        '2015-01-01',
        'Завершена',
        50,
        'Ю Коіто щойно перейшла до першого класу старшої школи, але досі не відповіла на освідчення хлопця, який їй завжди подобався, але чиє освідчення її не схвилювало. Ю любить мангу Шьоджьо і знала, як має сприйматися освідчення, але вона не відчувала цього і не знаходила способу відповісти йому вже кілька місяців. Потім Ю бачить, як Токо Нанамі, президент студентської ради, дуже вдумливо відмовляється від зізнання. Пізніше Ю дізнається, що Нанамі ніколи не приймала сповіді, бо жодна з них не змушувала її щось відчувати. Натхненна чесністю Нанамі та її однодумністю, Ю консультується з Нанамі, але після допомоги Нанамі зізнається Ю!

Джерело [Honey Manga](https://honey-manga.com.ua/book/a6037303-eee2-4b5f-be12-7f0b85e95b51)',
        'latest'
    ),
    (
        54,
        'https://cdn.hikka.io/content/manga/akira-536cec/B-mYPyUjwk0TIkG9hSWeZg.jpg',
        'background/akira-536cec.jpg',
        'Akira',
        'Акіра',
        '1982-01-01',
        'Завершена',
        120,
        'Шостого грудня 1992 року новий тип бомби був скинутий на японський мегаполіс. Дев''ять годин потому почалася Третя світова війна. І світ почав перероджуватися. Ця історія розпочинається з Нео-Токіо 2030 року, через тридцять вісім років після закінчення війни. Місто, охоплене мітингами і демонстраціями, знаходиться на межі революції.

Джерело [Manga.in.ua](https://manga.in.ua/mangas/naukova-fantastika/197-akira-akra.html)',
        'latest'
    ),
    (
        55,
        'https://cdn.hikka.io/content/manga/yokohama-kaidashi-kikou-e22cff/XgVYvfuBSmA3Zs2df7ZerA.jpg',
        'background/yokohama-kaidashi-kikou-e22cff.jpg',
        'Yokohama Kaidashi Kikou',
        'Нотатки про поїздку до Йокогами за покупками',
        '1994-01-01',
        'Завершена',
        142,
        'Манґа зображує картину тихого та спокійного життя світу, що пережив глобальну катастрофу. Головна героїня – завжди привітна Альфа Хацусено. Вона андроїд, що опікується придорожнім кафе, доки господар у тривалій подорожі.

Джерело [Manga.in.ua](https://manga.in.ua/mangas/budenst/95-yokohama-kaidashi-kik-notatki-pro-poyizdku-do-yokogami-za-pokupkami.html)',
        'carousel'
    ),
    (
        56,
        'https://cdn.hikka.io/content/manga/ao-ashi-29f1a4/yN6D9uJ2PUDivPkATegOxA.jpg',
        'background/ao-ashi-29f1a4.jpg',
        '',
        'Ао Аші',
        '2015-01-01',
        'Завершена',
        NULL,
        'Ао Аші розповідає історію молодого Ашіто Аой, який навчався на третьому курсі середньої школи міста Ехіме, і його зустріч із футбольним тренером Тацуя Фукуда. Ашіто, хоч і талановитий, але важкий хлопець, але Фукуда вірить у нього і запрошує до своєї команди. Ашіто цілком може змінити обличчя японського футболу.

Джерело [Manga.in.ua](https://manga.in.ua/mangas/komedia/28669-ao-ashi-.html)',
        'popular'
    ),
    (
        57,
        'https://cdn.hikka.io/content/manga/bungou-stray-dogs-beast-d946f2/EhczdlYAKziQcuVgcVK9QA.jpg',
        'background/bungou-stray-dogs-beast-d946f2.jpg',
        'Bungo Stray Dogs: Beast',
        'Літературні генії Бродячі пси: Звір',
        '2019-01-01',
        'Завершена',
        22,
        'Альтернативна історія, де Рюноске Акутаґава приєднався до «Озброєного детективного агентства», а Накаджіма Ацуші вступив до Портової мафії. Під керівництвом Оди Сакуноске Акутаґава намагається протистояти босу мафії - Дадзаю Осаму, та звільнити Ґін, його молодшу сестру. Місія призводить його до інтенсивної ворожнечі з «Білим жнецем» портової мафії Накаджімою Ацуші

Джерело [Zenko](https://zenko.online/titles/381)',
        'popular'
    ),
    (
        58,
        'https://cdn.hikka.io/content/manga/solo-leveling-059500/XzshmZi8ziR_wnvzVReuPw.jpg',
        'background/solo-leveling-059500.jpg',
        'Solo Leveling',
        'Тільки я візьму новий рівень',
        '2018-01-01',
        'Завершена',
        201,
        'Перший том культової серії, що привернув увагу всього світу до південнокорейської літератури. Вебманхва перероблена оригінальною студією спеціально під формат друкованого видання. Вона є беззаперечним лідером у жанрі історій про підземелля, монстрів і напружені протистояння.

Для цього видання наше видавництво створило альтернативну «лиху» обкладинку, яка є ексклюзивом для України.

_Одного дня у світі відкрився портал, що веде в паралельні виміри… Так почалася легенда культового корейського бестселера «Тільки я візьму новий рівень»._

Джерело [Mimir Media](https://mimir.com.ua/product/tilky-ya-vizmu-novyj-riven-tom-1/)',
        'latest'
    ),
    (
        59,
        'https://cdn.hikka.io/content/manga/sayonara-eri-15a3ae/VvpTsgXzq0ycqEJi04pIKQ.jpg',
        'background/sayonara-eri-15a3ae.jpg',
        'Goodbye, Eri',
        'Прощавай, Ері',
        '2022-01-01',
        'Завершена',
        NULL,
        '[Юта](https://hikka.io/characters/yuuta-18381e) намагався зняти останні дні [матері ](https://hikka.io/characters/yuutas-mother-db469b)на свій телефон, поки вона помирала. Після її смерті хлопець приходить на дах лікарні, щоб покінчити життя самогубством, проте зустріч з дивною [дівчиною ](https://hikka.io/characters/eri-38bba9)приводить його до створення фільму.

Джерело [Zenko](https://zenko.online/titles/300)',
        'latest'
    ),
    (
        60,
        'https://cdn.hikka.io/content/manga/gintama-fe26d5/bbnMLXywEzrsK3Pbgxdujw.jpg',
        'background/gintama-fe26d5.jpg',
        'Gin Tama',
        'Ґінтама',
        '2003-01-01',
        'Завершена',
        709,
        'Японія змінилась. Тепер тут розгулюють інопланетні аманто, а самураї ховаються в криївках, вигадуючи нові таємні плани. На відміну від них, самурай Саката Ґінтокі покинув спроби перевороту і вже давно живе спокійним життям, працюючи майстром на всі руки. Ну як «працює» – читає манґу, набивається солодким і валяється на дивані. Та все ж пригоди так і сиплються йому на голову! Вони підступно залазять йому до штанів і змушують стрибати довкола Едо, наче божевільного.

Джерело [Manga.in.ua](https://manga.in.ua/mangas/boyovik/1842-gintama.html)',
        'popular'
    ),
    (
        61,
        'https://cdn.hikka.io/content/manga/umineko-no-naku-koro-ni-chiru-episode-7-requiem-of-the-golden-witch-29e6c5/TFUXNi6lOIMxXFAyMdezsg.jpg',
        'background/umineko-no-naku-koro-ni-chiru-episode-7-requiem-of-the-golden-witch-29e6c5.jpg',
        'Umineko WHEN THEY CRY Episode 7: Requiem of the Golden Witch',
        'У час, коли плачуть чайки Епізод 7: Реквієм Золотої відьми',
        '2011-01-01',
        'Завершена',
        48,
        '',
        'carousel'
    ),
    (
        62,
        'https://cdn.hikka.io/content/manga/relife-8aaea7/jjOCrCmdgmlr1q-mUNVpqA.jpg',
        'background/relife-8aaea7.jpg',
        'ReLIFE',
        'Рілайф',
        '2013-01-01',
        'Завершена',
        238,
        'Кайдзакі Арата — 27-річний безробітний, який, звільнившись з останньої роботи через три місяці, провалив усі співбесіди з того часу. Але приходить Йоаке Рю, представник організації ReLIFE. Він пропонує Кайдзакі таблетку, яка змінює зовнішність на вигляд його 17-річного підлітка. Таким чином, Кайдзакі стає об''єктом однорічного експерименту, в якому він знову починає своє життя третього курсу середньої школи.

Джерело [Manga.in.ua](https://manga.in.ua/mangas/budenst/14707-povtorne-zhittja-relife.html)',
        'latest'
    ),
    (
        63,
        'https://cdn.hikka.io/content/manga/omniscient-readers-viewpoint-e16412/zYLpQX3S3U8Zsv1svUUOuQ.jpg',
        'background/omniscient-readers-viewpoint-e16412.jpg',
        'Omniscient Reader''s Viewpoint',
        'Всезнаючий читач',
        '2020-01-01',
        'Онгоїнг',
        NULL,
        'Всезнаючий читач: "Це події, про які я знаю", щойно він так подумав, як світ було зруйновано, і почалась нова реальність. Нове життя звичайного читача починається у світі роману, роману, який він сам закінчив.

Джерело [Honey Manga](https://honey-manga.com.ua/book/bdd48a1c-6174-4299-8cd4-bc152f446baf)',
        'carousel'
    ),
    (
        64,
        'https://cdn.hikka.io/content/manga/golden-kamuy-7c30df/iyJbo4ClMWLizkczpyZ_gA.jpg',
        'background/golden-kamuy-7c30df.jpg',
        'Golden Kamuy',
        'Золоте божество',
        '2014-01-01',
        'Завершена',
        314,
        '[Суґімото Саїчі](https://hikka.io/characters/saichi-sugimoto-d00424), ветеран битви на Пагорбі 203 в російсько-японській війні, шукаючи золото на Хоккайдо, щоб забезпечити вдову свого загиблого товариша. Він чує сумнівну історію про приховані скарби айну, місцезнаходження яких зашифровано в татуюваннях групи ув''язнених, які втекли з тюрми Абаширі. Коли він дізнається, що історія правдива і що багато інших груп прагнуть здобути золото, він вирішує знайти його разом з [Асірпою](https://hikka.io/characters/asirpa-30d167), молодою дівчиною-айну.

Джерело [Zenko](https://zenko.online/titles/1068)',
        'carousel'
    ),
    (
        65,
        'https://cdn.hikka.io/content/manga/kozure-ookami-894c01/irnacfecL15i60dXYqNLVA.jpg',
        'background/kozure-ookami-894c01.jpg',
        'Lone Wolf & Cub',
        'Самотній вовк та дитинча',
        '1970-01-01',
        'Завершена',
        142,
        '',
        'carousel'
    ),
    (
        66,
        'https://cdn.hikka.io/content/manga/mo-dao-zu-shi-946449/z8ypVVZEdBnsbGcWIbS1KQ.jpg',
        'background/mo-dao-zu-shi-946449.jpg',
        'Grandmaster of Demonic Cultivation: Mo Dao Zu Shi',
        'Засновник темного шляху',
        '2017-01-01',
        'Завершена',
        260,
        'Вей Вусянь – засновник диявольського культу, безцільно блукав світом, ширив хаос і розбрат, за що його зненавиділи мільйони. Зрештою, Вея Вусяня зрадив найближчий соратник і той був убитий могутніми кланами, які об’єднали свої сили, щоб здолати його.  Проте, невдовзі він перероджується у тілі божевільного молодика, від якого відмовився рідний клан. У новому тілі його проти волі забирає відомий серед кланів заклинач, а також заклятий ворог з попереднього життя – Лань Вандзі. Так, починається неспокійний, і водночас захопливий шлях розгадування таємниць, зустрічей грізними чудовиськами та виховання дітей. З плином часу Вей Вусянь зрозуміє, що за байдужим «покер-фейсом» Лань Вандзі ховає більші почуття, аніж він готовий визнати.

Джерело [Zenko](https://zenko.online/titles/576)',
        'popular'
    ),
    (
        67,
        'https://cdn.hikka.io/content/manga/pluto-1cf636/f-4S7HwDAca2KcJ-EB4W2A.jpg',
        'background/pluto-1cf636.jpg',
        'Pluto: Urasawa x Tezuka',
        'Плутон',
        '2003-01-01',
        'Завершена',
        65,
        'Всесвітньо відомий робот на ім''я Монт-Бланк був жорстоко вбитий. Десь у той же час, також був жорстоко вбитий Бернард Ланке - ключова персона у русі за права роботів. Ніби то, два різних вбивства, але головний герой, слідчий, на ім''я Ґезіхт так не вважає... Між цими вбивствами є дивний зв''язок - роги на головах у обох жертв, який зробив вбивця. А також, Ґезіхт підозрює, що ці вбивства зробила не людина, а робот...

Джерело [Manga.in.ua](https://manga.in.ua/mangas/boyovik/35626-pluton.html)',
        'latest'
    ),
    (
        68,
        'https://cdn.hikka.io/content/manga/wind-breaker-23e464/tUDLP3RzD-mIQzsV5v074w.jpg',
        'background/wind-breaker-23e464.jpg',
        'Wind Breaker',
        'Вітролом',
        '2013-01-01',
        'Завершена',
        553,
        'Старшокласник Чо Джа Хен, втративши будь-які очікування від життя ще у дитинстві, завдяки почуттю обов’язку перед батьками цілковито віддався навчанню, щоб стати найкращим. Будучи президентом школи Теянг, він продовжує старанно навчатися, майже не присвячуючи час спілкуванню з іншими. Проте він любить кататись на велосипеді - і для нього це більше, ніж просто гобі. Одного разу, вправно маневруючи своїм велосипедом на стрімкій швидкості, лечучи з крутого спуску, він зацікавив свого однокласника Юн Мін Ву. Глибоко вражений неповторною технікою президента, Мін Ву запропонував йому приєднатись до своєї велокоманди, проте Джа Хен зневажливо відмовився. З рішучістю довести Джа Хену, що їзда з іншими - це краще ніж на одинці, Мін Ву укладає з ним угоду - взяти участь в перегонах проти учасника його команди, обіцяючи відчепитись від нього в разі його перемоги.

Джерело [Manga.in.ua](https://manga.in.ua/mangas/boyovik/5007-vitrolom.html)',
        'popular'
    ),
    (
        69,
        'https://cdn.hikka.io/content/manga/mob-psycho-100-0e2d54/HejgoNSAh_w89WlLoIzoGQ.jpg',
        'background/mob-psycho-100-0e2d54.jpg',
        'Mob Psycho 100',
        'Моб Психо 100',
        '2012-01-01',
        'Завершена',
        109,
        '[Моб](https://hikka.io/characters/shigeo-kageyama-d59d29) — звичайнісінький підліток із незвичайним прокляттям — його емоції накопичуються, як бомба, і коли «лічильник» сягне 100 %, хлопчик вибухне… Моб виконує дивні екзорцистські замовлення для [пана Рейґена](https://hikka.io/characters/arataka-reigen-c427b9), адже він має справжні екстрасенсорні здібності, й мріє про одне — спокійне життя, подобатися дівчині та не втрачати контроль над собою.

Але коли псевдорелігійні культи, шкільні клуби, шахраї-екстрасенси та справжні привиди починають збиратися навколо хлопця — його стриманість опиняється під загрозою.

Моб настільки неймовірний, що має силу зруйнувати світ, але водночас не може зізнатися дівчині у симпатії. Що ж на нього чекає у майбутньому? І чи здатен він утримати свої емоції й протистояти містеріям, які наука не в змозі пояснити?

Джерело [Nasha idea](https://nashaidea.com/product/mob-psykho-100-tom1/)',
        'popular'
    ),
    (
        70,
        'https://cdn.hikka.io/content/manga/blue-period-312634/jSPUaUZGxrOnzKAoW_43Mw.jpg',
        'background/blue-period-312634.jpg',
        'Blue Period',
        'Блакитний період',
        '2017-01-01',
        'Онгоїнг',
        NULL,
        '[Ятора](https://hikka.io/characters/yatora-yaguchi-fb51e6) — здібний учень, якому все легко дається, проте рутина старшої школи починає його пригнічувати. Вдень він тягне лямку навчання, а вечорами зависає з друзями. Але не цього йому насправді хочеться. Юнак прагне чогось вищого і нового…

Одного дня Ятора забрів до класу мистецтв і зупинився перед картиною, від якої неможливо було відвести погляд. Він ще ніколи не бачив такої краси!

З цього і починається шлях хлопця до мистецтва, сповнений цікавих знайомств і відкриттів. Адже кожна людина, з якою він перетинається, створює щось унікальне, захопливе та сповнене натхнення!

Чи зможе Ятора застосувати свій талант і спортивну стратегію, щоб вступити до престижного художнього університету? Світ готовий побачити його мистецькі здібності?

Джерело [Nasha idea](https://nashaidea.com/product/blakytnyj-period-tom-1/)',
        'carousel'
    ),
    (
        71,
        'https://cdn.hikka.io/content/manga/aria-b82e50/Gpy8lqQFI0-CV7069G8C9w.jpg',
        'background/aria-b82e50.jpg',
        'Aria',
        'Арія',
        '2002-01-01',
        'Завершена',
        67,
        '',
        'carousel'
    ),
    (
        72,
        'https://cdn.hikka.io/content/manga/usogui-5f2887/XwFeFW9n7dtQloe27UV6lw.jpg',
        'background/usogui-5f2887.jpg',
        '',
        'Пожирач брехні',
        '2006-01-01',
        'Завершена',
        541,
        'Ризик — невід’ємна частина людської природи, і робити ставку означає ризикувати втратити щось важливе в гонитві за чимось більшим. Однак світ азартних ігор ані привітний, ані поблажливий: дехто ладен брехати й шахраювати, аби здобути перемогу. Саме тому існує впливова організація «Какеро», що стежить, аби кожна гра зберігала видимість чесності.

[Мадараме Баку](https://hikka.io/characters/baku-madarame-05ab7d), відомий також як «Усоґуй» (Пожирач брехні), — геніальний гравець, готовий ставити більше, ніж просто гроші. Ризикуючи власним життям, він стикається з психопатичним суперниками в смертоносних психологічних іграх. Холодний, розважливий і надзвичайно розумний, Баку кидає виклик брехунам, що називають себе гравцями, водночас прагнучи заволодіти самою «Какеро».

Джерело [MyAnimeList](https://myanimelist.net/manga/9982)',
        'latest'
    ),
    (
        73,
        'https://cdn.hikka.io/content/manga/banana-fish-8f4345/XdnwBFvLWN27hG9evDMwxQ.jpg',
        'background/banana-fish-8f4345.jpg',
        'Banana Fish',
        'Бананова риба',
        '1985-01-01',
        'Завершена',
        110,
        '1973 рік. В’єтнам. Американський солдат раптово божеволіє і відкриває вогонь по своїх товаришах. Єдині слова, які він сказав: Бананова риба. Через дванадцять років, поліція розслідує низку загадкових самогубств, а людина, яка вмирає, передає молодому і харизматичному лідеру банди — Ешу, пляшечку із загадковою речовиною…

Джерело [Manga.in.ua](https://manga.in.ua/mangas/boyovik/8069-bananova-riba-banana-fish.html)',
        'latest'
    ),
    (
        74,
        'https://cdn.hikka.io/content/manga/skip-to-loafer-429863/40ws6Inl1481R7HnWUcg3A.jpg',
        'background/skip-to-loafer-429863.jpg',
        'Skip and Loafer',
        'Геть неробство',
        '2018-01-01',
        'Онгоїнг',
        NULL,
        'Івакура Міцумі завжди мала великі мрії: покинути своє маленьке містечко, вступити до найкращого університету, а потім зробити свій внесок у розвиток країни, перш ніж повернутися у рідне місто. Вона настільки зосереджена на своїй меті, що не звертає уваги на всі свої недоліки, що дуже непокоїть її родину та друзів. Чи зможе наївна сільська дівчина витримати в Токіо?

Джерело [Manga.in.ua](https://manga.in.ua/mangas/budenst/20406-get-nerobstvo-sukippu-to-rf.html)',
        'latest'
    ),
    (
        75,
        'https://cdn.hikka.io/content/manga/my-bias-gets-on-the-last-train-c563e2/9AN5VJV7esWZRrpmoyDlCQ.jpg',
        'background/my-bias-gets-on-the-last-train-c563e2.jpg',
        'My Bias Gets on the Last Train',
        '',
        '2024-01-01',
        'Онгоїнг',
        NULL,
        '',
        'latest'
    ),
    (
        76,
        'https://cdn.hikka.io/content/manga/shigatsu-wa-kimi-no-uso-fec530/b8ImL-0fhenXpxFYdxvKoA.jpg',
        'background/shigatsu-wa-kimi-no-uso-fec530.jpg',
        'Your Lie in April',
        'Твоя квітнева брехня',
        '2011-01-01',
        'Завершена',
        44,
        'В дитинстві строга мати вчила Косея Аріму грати на піаніно, прибігаючи до доволі жорстоких методів, щоб він з легкістю вигравав кожне змагання, в якому приймав участь. Він получив титул «людина-метроном» за те, що виконував будь-який твір з абсолютною точністю. Йому завидували і ним захоплювалися. Но після раптової смерті матері хлопець втратив свій бездоганний слух і зник зі сцени.Через два роки Косей веде одноманітне життя, зустрічається з друзями дитинства Цубакі Савабе і Рьотою Ватарі, які підтримують його у всьому. Але життя змінюється, коли він зустрічається з Каорі Міяндзоно, талановитою скрипалькою, яка виконує будь-який твір вільно та живо, не дивлючись на ноти та такти.Це зворушлива історія про дружбу, любов, музику та маленьку брехню. Життя головного героя починає змінюватись і скоро він знову заграє фарбами, тому що Каорі змушує його відчути музику.

Джерело [Manga.in.ua](https://manga.in.ua/mangas/drama/6305-shigatsu-wa-kimi-no-uso.html)',
        'latest'
    ),
    (
        77,
        'https://cdn.hikka.io/content/manga/umarekawattemo-mata-watashi-to-kekkon-shitekuremasu-ka-a05063/jeoqM4Kfxr3sDiL2ArGNiA.jpg',
        'background/umarekawattemo-mata-watashi-to-kekkon-shitekuremasu-ka-a05063.jpg',
        'Will you marry me again if you are reborn?',
        'Чи вийдеш ти за мене знову в наступному житті?',
        '2017-01-01',
        'Завершена',
        26,
        'Тораносуке закохався у служницю Каору. Протягом двадцяти років вони повільно розвивали своє кохання одне до одного, і так з''явилася на світ пара - незграбний чоловік і сильна дружина. Вони проводять багато часу разом, і в лікарняній палаті Тораносуке починають ностальгічні балачки.

Ніжні спогади глибоко закоханих чоловіка та дружини.

Джерело [Zenko](https://zenko.online/titles/982)',
        'carousel'
    ),
    (
        78,
        'https://cdn.hikka.io/content/manga/seasons-of-blossom-b55929/dUXAod62Hh7RzdY70ZhdYQ.jpg',
        'background/seasons-of-blossom-b55929.jpg',
        'Seasons of Blossom',
        'Розквіт молодості',
        '2020-01-01',
        'Завершена',
        135,
        'Як чудово бути молодим та закоханим, невгамовним та безтурботним. Весна життя — яскрава, бурхлива пора, а втім, часом така заплутана. Весна, літо, осінь та зима — любов цвіте під час усіх пір року.

Джерело [Manga.in.ua](https://manga.in.ua/mangas/budenst/5385-rozkvit-molodosti-seasons-of-blossom.html)',
        'popular'
    ),
    (
        79,
        'https://cdn.hikka.io/content/manga/tobaku-datenroku-kaiji-one-poker-hen-e8e202/BiK_RyF4daBkEtic8_kWCA.jpg',
        'background/tobaku-datenroku-kaiji-one-poker-hen-e8e202.jpg',
        '',
        'Кайджі: Вигнанець азартних ігор – Арка "Ван покера"',
        '2013-01-01',
        'Завершена',
        155,
        'Нарешті, ось-ось [Кайджі](https://hikka.io/characters/kaiji-itou-7bec13) та [Кадзуя](https://hikka.io/characters/kazuya-hyoudou-df9ec1) зійдуться віч-на-віч у грі з високими ставками – "Ван покер", видозміненій версії стандартного покеру. Кадзуя ставить на кін 2 000 000 000 єн! Це протистояння двох вигнанців, двох різних світоглядів. Між ними точитиметься не просто азартна дуель, а справжній смертельний поєдинок, що виходить за межі дозволенного. Хто ж вийде переможцем?

Джерело [Manga Updates](https://www.mangaupdates.com/series.html?id=31008951806)',
        'carousel'
    ),
    (
        80,
        'https://cdn.hikka.io/content/manga/shinseiki-evangelion-c8ea4d/br1l9zWemmDsHZeCSFKHDg.jpg',
        'background/shinseiki-evangelion-c8ea4d.jpg',
        'Neon Genesis Evangelion',
        'Євангеліон',
        '1994-01-01',
        'Завершена',
        97,
        'В 2000 році на Землю в районі Південного полюсу впав величезний метеорит. Ця жахлива катастрофа в історії людства отримала назву "Другий удар".Полярні льди миттєво розтали, забравши під воду частину суші. Стихійні лиха, хаос в економіці, міжнаціональні конфлікти.. Все це неймовірно швидко забрало життя половини людей на Землі.Пройшло 15 років. Людство повільно відновлювалось після пережитої катастрофи... І тут прийшла нова небезпека - "Янголи"Одна за одною, ці гігантські бойові машини з''явилися на землю.Утім, оскільки вторгнення "Янголів" було передбачено, люди встигли підготуватися до зустрічі. Для боротьби з ними були створені Євангеліони. До початку вторгнення було готово три.Три Євангеліони – три підлітки, обрані пілотами. Три підлітки - єдині, на кого залишилось сподіватись людству. Так тягар відповідальності за долю усієї цивілізації лягла на дітей.

Джерело [Manga.in.ua](https://manga.in.ua/mangas/boyovik/4874-neon-genesis-evangelion.html)',
        'popular'
    ),
    (
        81,
        'https://cdn.hikka.io/content/manga/19-tian-c97079/XRoA8cMImZBMJmRsZCXp0Q.jpg',
        'background/19-tian-c97079.jpg',
        '',
        '19 днів — одного дня',
        '2018-01-01',
        'Онгоїнг',
        NULL,
        'Групове фото в дитячому садочку стало початком довготривалої дружби між Дзянь Ї та Джань Джен Сі. Друзі дитинства, які виросли разом, зустріли в кампусі нових хороших приятелів — Хе Тяня та Мо Ґвань Шаня. "19 днів" — не тільки про щасливі й безтурботні шкільні будні для цих чотирьох, а й історія молодості, в якій хлопці чудово розуміють один одного та, можливо, нарешті зможуть подорослішати?

Джерело [Honey Manga](https://honey-manga.com.ua/book/63e3237f-f13d-444f-905f-605b91077fc3)',
        'latest'
    ),
    (
        82,
        'https://cdn.hikka.io/content/manga/jojo-no-kimyou-na-bouken-part-4-diamond-wa-kudakenai-d23226/egn912q4ce6v4J6UJizajA.jpg',
        'background/jojo-no-kimyou-na-bouken-part-4-diamond-wa-kudakenai-d23226.jpg',
        'JoJo''s Bizarre Adventure Part 4: Diamond Is Unbreakable',
        'Химерні пригоди ДжоДжо Частина 4: Незламний діамант',
        '1992-01-01',
        'Завершена',
        174,
        'У провінційному японському містечку Моріо ніколи не відбувалося ніяких видатних подій до тих пір, поки доля не приносить до нього лук та стрілу, здатні пробудити станд. Дивні події відбуваються одне за одним. Та на їх тлі губляться повідомлення про зникнення молодих дівчат. Та загадковому маніаку не довго залишилось ходити на свободі, адже на сторожі міста стоїть компанія Джоске Хігашікати, позашлюбного сина Джозефа, незламного, як діамант.

Джерело [Manga.in.ua](https://manga.in.ua/mangas/boyovik/6640-nejmovirni-prigodi-dzhodzho-chastina-4-nezlamnij-diamant-jojo-no-kimyou-na-bouken-sono-4-daiyamondo-wa-kudakenai.html)',
        'popular'
    ),
    (
        83,
        'https://cdn.hikka.io/content/manga/chihayafuru-3e419e/84G74k4qzZU77pgr3uTO1w.jpg',
        'background/chihayafuru-3e419e.jpg',
        'Chihayafuru',
        'Чіхая',
        '2007-01-01',
        'Завершена',
        252,
        '',
        'popular'
    ),
    (
        84,
        'https://cdn.hikka.io/content/manga/pandora-hearts-77afc8/u3ct4MP2xMMkxWOsCpW9fg.jpg',
        'background/pandora-hearts-77afc8.jpg',
        'Pandora Hearts',
        'Серця Пандори',
        '2006-01-01',
        'Завершена',
        107,
        'Спадкоємцю дому герцогства Вессалія, Озу, щойно виповнилося п’ятнадцять. Його життя, безтурботне та заможне, затьмарене лише безперервною відсутністю батька. Все змінилося на церемонії повноліття. Без пояснень, його кинули у в’язницю, так звану “Безодню”, де Оз був врятований дівчиною на ім''я Аліса, Кривавим Чорним Кроликом. Головоломка починається з того моменту, коли юний герцог розгадує загадку Аліси, “Безодні”, і своєрідної організації під назвою “Пандора”.

Джерело [Manga.in.ua](https://manga.in.ua/mangas/boyovik/5126-pandora-hearts.html)',
        'latest'
    ),
    (
        85,
        'https://cdn.hikka.io/content/manga/billy-bat-57d1e2/TQ3-2Av1z69bzDs-yt7h3w.jpg',
        'background/billy-bat-57d1e2.jpg',
        '',
        '',
        '2008-01-01',
        'Завершена',
        165,
        '',
        'latest'
    ),
    (
        86,
        'https://cdn.hikka.io/content/manga/the-legend-of-the-northern-blade-7386f9/KQGXwxNr2o76Fu0vaSSlJw.jpg',
        'background/the-legend-of-the-northern-blade-7386f9.jpg',
        'The Legend of the Northern Blade',
        'Легенда про північний клинок',
        '2019-01-01',
        'Завершена',
        202,
        'Коли світ поринув у темряву, майстри бойових мистецтв зібралися, щоб сформувати «Північну небесну секту». За допомогою Північної небесної секти люди знову почали насолоджуватися миром. Проте з часом майстри бойових мистецтв змовилися проти «Північної небесної секти», і врешті-решт це привело до смерті лідера секти Джин Кван-Хо та знищенню секти.

Джерело [Manga.in.ua](https://manga.in.ua/mangas/boyovik/6694-legenda-pro-pivnichnij-klinok.html)',
        'popular'
    ),
    (
        87,
        'https://cdn.hikka.io/content/manga/otoyomegatari-69928f/A1OWlrOgnfZ1un58LDRdnQ.jpg',
        'background/otoyomegatari-69928f.jpg',
        'A Bride''s Story',
        'Історія молодої нареченої',
        '2008-01-01',
        'Онгоїнг',
        NULL,
        'Події цієї романтично-пригодницької історії розгортаються у Середній Азії позаминулого століття. Молода дівчина Аміра із суворого кочового клану прибуває до селища, щоб вийти заміж за Карлука. Це незвичайний шлюб – адже наречений молодший за неї на вісім років. Однак найбільше бажання Аміри – стати йому гарною дружиною. Вона усіма силами старається догодити і йому, і своїй новій родині, дивуючи давно осілих землеробів своїми талантами.

Джерело [Manga.in.ua](https://manga.in.ua/mangas/drama/6-storia-molodoii-narechenoii.html)',
        'latest'
    ),
    (
        88,
        'https://cdn.hikka.io/content/manga/diamond-no-ace-act-ii-4287c4/Z_j7JWzZ4Ug0PYBoTq1Cmg.jpg',
        'background/diamond-no-ace-act-ii-4287c4.jpg',
        'Ace of the Diamond Act II',
        '',
        '2015-01-01',
        'Завершена',
        309,
        '',
        'latest'
    ),
    (
        89,
        'https://cdn.hikka.io/content/manga/webtoon-character-na-kang-lim-89e3ae/pSAgHBxvihsWQOiAe4NOig.jpg',
        'background/webtoon-character-na-kang-lim-89e3ae.jpg',
        '',
        'Вебтун Персонаж На Кан Лім',
        '2021-01-01',
        'Завершена',
        172,
        'На Кан Лім, старшокласник, який захоплюється читанням вебтунів, одного дня переживає дивну подію, коли головна героїня з його улюбленого вебтуну з''являється перед ним. Ще більш дивним є те, що ті самі випадки, які наражали її на небезпеку у вебтуні, починають відбуватися в реальному житті. Проблема в тому, що в реальному світі немає головного героя, який би врятував її! Зрештою, На Кан Лім бере на себе роль головного героя, петляючи в часі, щоб врятувати її.

Джерело [Zenko](https://zenko.online/titles/1933)',
        'popular'
    ),
    (
        90,
        'https://cdn.hikka.io/content/manga/shingeki-no-kyojin-0e940a/GPpbYzlIeZLZorbJU68ryg.jpg',
        'background/shingeki-no-kyojin-0e940a.jpg',
        'Attack on Titan',
        'Атака титанів',
        '2009-01-01',
        'Завершена',
        141,
        'У світі, де панують титани, людство ховається від винищення в тіні величезних мурів. Приречені жити немов у клітці, люди — лише пожива для безпощадних створінь.

Щойно титани долають досі незрушиму перепону, ілюзія безпеки й миру осипається разом з кам’яними уламками мурів. Відчайдушна боротьба за життя й свободу починається. 

«Атака титанів» — темна фентезі-манґа, створена Хаджіме Ісаямою. Сюжет розгортається в постапокаліптичному світі, де залишки людства ховаються за трьома величезними стінами, щоб захиститися від жахливих істот — титанів. Історія розповідає про молодого хлопця Ерена та його друзів Мікасу та Арміна. Спокійне життя трійці руйнується, коли один із титанів прориває зовнішню стіну, дозволяючи монстрам увірватися у місто. Герої вступають до військового корпусу, щоб боротися з титанами, розкривають приголомшливі таємниці їхнього походження та дізнаються про природу світу, в якому вони живуть.

Джерело [ARTBOOKS](https://artbooks.ua/ataka-titaniv-tom-1)',
        'latest'
    ),
    (
        91,
        'https://cdn.hikka.io/content/manga/jibaku-shounen-hanako-kun-86f22a/d8PbNbbqb2_brlCawPhScA.jpg',
        'background/jibaku-shounen-hanako-kun-86f22a.jpg',
        'Toilet-Bound Hanako-kun',
        'Туалетний привид Ханако',
        '2014-01-01',
        'Онгоїнг',
        NULL,
        'В Академії Камоме ходять чутки про сім шкільних таємниць, однією з яких є привид дівчинки Ханако. Кажуть, що привид Ханако займає третю кабінку жіночої вбиральні на третьому поверсі в будівлі старої школи, якщо її покликати, то привид дівчинки Ханако виконає будь-яке бажання. [Нене Яшіро](https://hikka.io/characters/nene-yashiro-32b75a), старшокласниця яка любить окультизм і мріє про романтику, наважується відвідати цю кімнату з привидами... але Ханако, яку вона там зустрічає, зовсім не така, яку вона собі уявляла!

Привид [Ханако](https://hikka.io/characters/hanako-kun-7ef3a8) з Академії Камоме... це хлопчик!

Через вир подій Нене духовно пов’язується з Ханако і стає його помічницею, допомагаючи привиду знищувати злі надприродні сили, щоб підтримувати баланс між світом духів і світом людей. З часом, Нене дізнається про свій зв’язок зі світом духів і про темні таємниці Ханако та подробиці його минулого.

Події цієї історії захоплять Вас з перших сторінок‼

Джерело [Lantsuta](https://lantsuta-publishing.com/series-hanako-ua/hanako-kun1-ua)',
        'latest'
    ),
    (
        92,
        'https://cdn.hikka.io/content/manga/skip-beat-69fd87/AXL8n0RK5E_2ToRGgjoRNA.jpg',
        'background/skip-beat-69fd87.jpg',
        'Skip Beat!',
        '',
        '2002-01-01',
        'Онгоїнг',
        NULL,
        '',
        'carousel'
    ),
    (
        93,
        'https://cdn.hikka.io/content/manga/the-fable-9c771b/QIPAdsgHUSvr8QEPJi6C-Q.jpg',
        'background/the-fable-9c771b.jpg',
        'The Fable',
        'Байка',
        '2014-01-01',
        'Завершена',
        240,
        '"[Байка](https://hikka.io/characters/akira-satou-22c372)" – легендарний найманий вбивця, який виконав численні завдання для різних клієнтів. Після завершення свого останнього завдання кількість людей, яких він нещодавно вбив, стає занадто великою, і його бос наказує йому залягти на дно на рік. До того ж необхідність адаптуватися до життя звичайного громадянина може стати цінним досвідом для його майбутньої роботи.

Байку буде супроводжувати жінка, яка виступає в ролі його водійки, і вони обоє приймуть нові ідентичності як брат і сестра. Однак їхній бос попереджає, що їм обом загрожує смертельне покарання, якщо Байка вб''є когось під час своєї відпустки. Так починається спільна річна відпустка [Акіри](https://hikka.io/characters/akira-satou-22c372) та [Йоко](https://hikka.io/characters/youko-satou-b9b647) Сато з підпільного світу.

Джерело [MyAnimeList](https://myanimelist.net/manga/87844/The_Fable)',
        'latest'
    ),
    (
        94,
        'https://cdn.hikka.io/content/manga/nan-hao-shang-feng-832a36/bAoBh8zTohCu2oaTx9njMA.jpg',
        'background/nan-hao-shang-feng-832a36.jpg',
        '',
        'Нань Хао і Шан Фен',
        '2021-01-01',
        'Онгоїнг',
        NULL,
        '"Що таке молодість? Сором + бунтарство + самовпевненість+ надлишок самоаналізу +..." Студенти Нань Хао і Шан Фен - найкращі друзі, які грали з дитинства. Це про їхню найчистішу дружбу, найжвавішу та найбезглуздішу молодіжну історію студентського містечка!

Джерело [Zenko](https://zenko.online/titles/687)',
        'latest'
    ),
    (
        95,
        'https://cdn.hikka.io/content/manga/uma-musume-cinderella-gray-0e7ce2/n4GOAp_F37gGoIiIGW8yfg.jpg',
        'background/uma-musume-cinderella-gray-0e7ce2.jpg',
        '',
        'Кобилички: Сіра Попелюшка',
        '2020-01-01',
        'Онгоїнг',
        NULL,
        '',
        'latest'
    ),
    (
        96,
        'https://cdn.hikka.io/content/manga/tokyo-ghoul-be87fb/lbRTW_9uwp5QvSwAJbdrxg.jpg',
        'background/tokyo-ghoul-be87fb.jpg',
        'Tokyo Ghoul',
        'Токійський людожер',
        '2011-01-01',
        'Завершена',
        144,
        'Людей вважають вершиною харчового ланцюга... Проте є створіння, які полюють на них як на їжу... Чудовиська, які харчуються людською мертвечиною... А називаються вони ґулями.

Джерело [Manga.in.ua](https://manga.in.ua/mangas/boyovik/105-tokyskiy-gul.html)',
        'popular'
    ),
    (
        97,
        'https://cdn.hikka.io/content/manga/kamisama-hajimemashita-d1bba2/6cCpJge-5490K9eNUS6u4Q.jpg',
        'background/kamisama-hajimemashita-d1bba2.jpg',
        'Kamisama Kiss',
        'Приємно познайомитись, Бог',
        '2008-01-01',
        'Завершена',
        154,
        'Нанамі Момодзоно ще нещодавно була звичайною школяркою, але її життя докорінно змінюється, коли батько Нанамі втікає з дому та дівчина залишається без домівки. З примхи долі вона стає Богом землі. Чи впорається людська панна з посадою Бога?

Джерело [Manga.in.ua](https://manga.in.ua/mangas/demons/3557-priyemno-poznajomitis-bog-kamisama-hajimemashita.html)',
        'popular'
    ),
    (
        98,
        'https://cdn.hikka.io/content/manga/eleceed-7a11a4/kkfmTpWAaz20wXqNQ2-nkw.jpg',
        'background/eleceed-7a11a4.jpg',
        'Eleceed',
        'Ілексід',
        '2018-01-01',
        'Онгоїнг',
        NULL,
        'Джіу - добрий хлопець, який використовує свою силу надзвичайно швидких рефлексів, як у кота, щоб таємно зробити цей світ кращим: чи то врятувати дитину, чи то взяти до себе тваринку. Кайден секретний агент, який переховуючись, потрапив у тіло дорослого та пухкого кота. Разом, озброєні силами Джіу та розумом Кайдена, вони мають намір побороти злі сили, що хочуть правити світом. Але лише якщо їм вдасться поладнати.

Джерело [Zenko](https://zenko.online/titles/274)',
        'latest'
    ),
    (
        99,
        'https://cdn.hikka.io/content/manga/hi-no-tori-1967-508f13/jmSfkfDzVKMAGIkuW98qAg.jpg',
        'background/hi-no-tori-1967-508f13.jpg',
        'Phoenix',
        'Фенікс',
        '1966-01-01',
        'Завершена',
        19,
        '',
        'carousel'
    ),
    (
        100,
        'https://cdn.hikka.io/content/manga/fruits-basket-4e3981/HM7auXWqH5waTIuoykkc8w.jpg',
        'background/fruits-basket-4e3981.jpg',
        'Fruits Basket',
        'Кошик фруктів',
        '1998-01-01',
        'Завершена',
        136,
        '',
        'latest'
    ),
    (
        101,
        'https://cdn.hikka.io/content/manga/rurouni-kenshin-meiji-kenkaku-romantan-58093f/oPvdrxWJONOAMGiFEfkxVQ.jpg',
        'background/rurouni-kenshin-meiji-kenkaku-romantan-58093f.jpg',
        'Rurouni Kenshin: Meiji Swordsman Romantic Story',
        'Блукач Кеншін: Романтичне сказання про мечника епохи Мейджі',
        '1994-01-01',
        'Завершена',
        259,
        'Минуло десять років після завершення Бакумацу — епохи громадянського повстання, спрямованого проти тиранічного правління шьоґунату Токуґава. Революціонери мріяли створити справедливу і квітучу країну без деспотії. Прийшла епоха Мейджі, однак довгоочікуваний мир так і не настав. Попри заборону мечів, насильство на вулицях не припинилося. Сироти загиблих ветеранів війни залишились без підтримки, тоді як уряд, здається, більше переймається наповненням власних кишень.

Джерело [Honey Manga](https://honey-manga.com.ua/book/09c6dcc5-6f61-49ed-be08-56e21ae99982)',
        'popular'
    ),
    (
        102,
        'https://cdn.hikka.io/content/manga/one-outs-050b2a/-M9ZxscQ28Ce8saaQj6VHQ.jpg',
        'background/one-outs-050b2a.jpg',
        '',
        'Один на виліт',
        '1998-01-01',
        'Завершена',
        175,
        '',
        'carousel'
    ),
    (
        103,
        'https://cdn.hikka.io/content/manga/sasaki-to-miyano-f9f130/fn02Kf9UcaUCz6oQwWa2ow.jpg',
        'background/sasaki-to-miyano-f9f130.jpg',
        'Sasaki and Miyano',
        'Сасакі та Міяно',
        '2016-01-01',
        'Онгоїнг',
        NULL,
        'Міяно — старшокласник, який цікавиться яой манґою. До знайомства з дивним семпаєм він нікому не розказував про своє хобі. Сасакі й гадки не мав, хто такі «уке» та «семе» й чому йому треба турбуватися через погрози Міяно намалювати з ним доджінші, але він був би радий дізнатися про хобі його нового милого друга.

Джерело [Manga.in.ua](https://manga.in.ua/mangas/budenst/5670-sasaki-to-miyano.html)',
        'carousel'
    ),
    (
        104,
        'https://cdn.hikka.io/content/manga/ping-pong-0ab1ef/LfriwAx9DiNjtm04Xm-_pQ.jpg',
        'background/ping-pong-0ab1ef.jpg',
        '',
        'Пінг-понг',
        NULL,
        'Завершена',
        55,
        'Старшокласники та друзі дитинства Цукімото (Смайл) і Хошіно (Пеко) у розпалі юності біжать крізь суворий і жорсткий світ спорту!Починаючи з початкових класів, коли вони грали в настільний теніс у "Тамура" перед станцією. Хошіно, який є генієм, завжди робить все, що йому заманеться, в тому числі і пропускає заняття в клубі.Одного дня коли Пеко знову пропустив клубні заняття, Цукімото отримує наказ від свого сенпая "привести Хошіно до клубу"...

Джерело [Manga.in.ua](https://manga.in.ua/mangas/budenst/64479-ping-pong-pinpon.html)',
        'carousel'
    ),
    (
        105,
        'https://cdn.hikka.io/content/manga/hirayasumi-928312/mN1dBvD8OQiqYbtqDgtzKA.jpg',
        'background/hirayasumi-928312.jpg',
        'Hirayasumi',
        'Хіраясумі',
        '2021-01-01',
        'Онгоїнг',
        NULL,
        '[Хіротo Ікуті](https://hikka.io/characters/hiroto-ikuta-50ee71) 29. Він не має престижної роботи, дівчини та чіткого плану на майбутнє, але цілком задоволений своїм безтурботним існуванням. Однак спокійному життю настає кінець, коли юнак зненацька успадковує будинок від літньої сусідки, з якою товаришував останнім часом.

А невдовзі до нього переїздить і 18-річна кузина [Нацумі](https://hikka.io/characters/natsumi-kobayashi-8ce00b), яка прибула в Токіо заради навчання в університеті мистецтв. Тут уже точно не до спокою! Безклопітному Хірото доведеться приміряти на себе роль старшого брата, аби допомогти Нацумі адаптуватися до нового міста.

Ця парочка — дві протилежності, два світи в старенькому одноповерховому будинку. Він — той, хто ніколи нічого не прагнув. Вона — та, хто боїться, що її прагнення нічого не варті. Але спільний побут змушує їх зростати, підтримувати одне одного й разом шукати відповіді на головні питання: чи справді Хірото щасливий у своїй безтурботності? І чи мрія Нацумі справді варта боротьби?

Джерело [Nasha idea](https://nashaidea.com/product/hiraiasumi-tom-1/)',
        'latest'
    ),
    (
        106,
        'https://cdn.hikka.io/content/manga/after-school-lessons-for-unripe-apples-795a6b/e4STaY5Obhm-pb7QgS3bvQ.jpg',
        'background/after-school-lessons-for-unripe-apples-795a6b.jpg',
        'After School Lessons for Unripe Apples',
        'Позашкільні заняття для незрілих яблук',
        '2020-01-01',
        'Онгоїнг',
        NULL,
        'Мі Е — звичайна п’ятнадцятирічна дівчина, яка намагається вижити в школі. Вона обожнює читати манхву, поп-групу «Полум’яні Хлопці» та караоке. Одного разу хлопець, якого вона знала, переводиться до її школи й починає створювати проблеми. Незалежно від того, що б вона не зробила, здається, ніби він просто не цінує її спроб пізнати його. Що з ним узагалі діється?

Джерело [Honey Manga](https://honey-manga.com.ua/book/752f1bd5-e020-4f6b-a9a5-3da327a7b1e3)',
        'carousel'
    ),
    (
        107,
        'https://cdn.hikka.io/content/manga/umineko-no-naku-koro-ni-chiru-episode-5-end-of-the-golden-witch-ed894f/tcBbeI0DMj4S0v2EOEOM3Q.jpg',
        'background/umineko-no-naku-koro-ni-chiru-episode-5-end-of-the-golden-witch-ed894f.jpg',
        'Umineko WHEN THEY CRY Episode 5: End of the Golden Witch',
        'У час, коли плачуть чайки Епізод 5: Кінець Золотої відьми',
        '2010-01-01',
        'Завершена',
        27,
        '',
        'latest'
    ),
    (
        108,
        'https://cdn.hikka.io/content/manga/ouran-koukou-host-club-dfb1b1/IxjLyDBg0BeK1hyJCT535A.jpg',
        'background/ouran-koukou-host-club-dfb1b1.jpg',
        'Ouran High School Host Club',
        'Клуб побачень старшої школи “Оран”',
        '2002-01-01',
        'Завершена',
        87,
        'Приватна школа «Оран». Студент Харухі заходить в третій музичний кабінет і несподівано зустрічає там шість гарних хлопців з клубу побачень. Випадково розбиває вазу за вісім мільйонів єн. Як Харухі збирається платити?

Джерело [Manga.in.ua](https://manga.in.ua/mangas/budenst/16318-klub-pobachen-starshoji-shkoli-oran-ran-kk-hosuto-kurabu.html)',
        'popular'
    ),
    (
        109,
        'https://cdn.hikka.io/content/manga/kakukaku-shikajika-a35d3a/lh2CKK1raLhFJ2dnNSKgwA.jpg',
        'background/kakukaku-shikajika-a35d3a.jpg',
        'Blank Canvas: My So-Called Artist''s Journey',
        'Тинди-ринди, бла-бла-бла',
        '2011-01-01',
        'Завершена',
        34,
        '',
        'carousel'
    ),
    (
        110,
        'https://cdn.hikka.io/content/manga/kidou-senshi-gundam-the-origin-7e35cb/LHGNCydRTgsLyoqV0zOfTw.jpg',
        'background/kidou-senshi-gundam-the-origin-7e35cb.jpg',
        'Mobile Suit Gundam: The Origin',
        'Мобільний воїн Ґандам: Початок',
        '2001-01-01',
        'Завершена',
        112,
        '',
        'popular'
    ),
    (
        111,
        'https://cdn.hikka.io/content/manga/watashitachi-no-shiawase-na-jikan-adff59/atpumgU3GhQIF3NeOs28HA.jpg',
        'background/watashitachi-no-shiawase-na-jikan-adff59.jpg',
        '',
        'Наші щасливі години',
        '2008-01-01',
        'Завершена',
        8,
        'У кожного з них були свої причини померти. Джурі Муто – дочка колись відомого піаніста, чия кар''єра закінчилася після її народження. Після сумної події, яку вона пережила будучи підлітком, дівчина намагалася тричі покінчити життя самогубством і зненавиділа свою матір. Коли її життя затьмарило темне минуле, її тітка Моніка запросила її відвідати в''язня, засудженого до смертної кари. Ю – злочинець, якого звинувачують у вбивстві трьох чоловік, якому пророкують смертну кару. Він часто отримує листи від Моніки, яка сподівається допомогти йому, але бачить в цьому лише жалість з її боку. Коли він зустрічає Моніку, щоб попросити її не відправляти йому більше листи, він знайомиться з Джурі. Ця зустріч змінить їх життя.

Джерело [Manga.in.ua](https://manga.in.ua/mangas/budenst/165-watashitachi-no-shiawase-na-jikan.html)',
        'latest'
    ),
    (
        112,
        'https://cdn.hikka.io/content/manga/given-916f10/PXM9inXp41VTCyoahoQbag.jpg',
        'background/given-916f10.jpg',
        'Given',
        'Given',
        '2013-01-01',
        'Завершена',
        58,
        '[Уенояма Ріцука](https://hikka.io/characters/ritsuka-uenoyama-fabe57) розчаровується в усьому, що колись його надихало. Навіть гра на гітарі, яка захоплювала хлопця змалечку, більше не викликає жодних емоцій. У намаганнях відгородитися від цієї порожнечі в школі він знаходить таємний прихисток у закутні на сходах: там можна солодко подрімати на перерві й хоча б ненадовго втекти від остогидлої рутини.

Та цього разу його схованку зайняв хтось інший — незнайомець із дорогезною зламаною гітарою в обіймах. А втім, з’ясовується, що [Мафую Сато](https://hikka.io/characters/mafuyu-satou-080522), відлюдькуватий і дивакуватий підліток, анітрохи не володіє інструментом, що його не випускає з рук. Ріцука пропонує хлопцеві допомогу, проте й не здогадується, що, наново натягуючи металеві струни, мимохіть зачіпає найпотаємніші струни чужого серця. Один зіграний акорд — і Мафую ладен на все, аби Ріцука навчив його грати. От тільки який у тому сенс?

Мафую не горить музикою, та й сам Ріцука боїться брати на себе таку відповідальність і не має охоти панькатися з новачком. Але варто лише Сато заспівати, як увесь звичний світ Уеноями перекидається догори дриґом.

Юний геній із надзвичайним голосом і гітарист із багаторічним досвідом за плечима. Привиди минулого й надія на світле майбутнє. Вибухова суміш, чи не так?

Джерело [TAK](https://vydavnytstvotak.com/product/given-1/)',
        'carousel'
    ),
    (
        113,
        'https://cdn.hikka.io/content/manga/kimi-no-suizou-wo-tabetai-b66c83/bxqt43hUXo4Jpsk-ibzU-A.jpg',
        'background/kimi-no-suizou-wo-tabetai-b66c83.jpg',
        'I Want to Eat Your Pancreas',
        'Хочу з’їсти твою підшлункову',
        '2016-01-01',
        'Завершена',
        10,
        '[Він](https://hikka.io/characters/haruki-shiga-9059af) – невидимець, однокласник, на якого ніхто й ніколи не звертає уваги. Для нього це не проблема, він звик жити у власному світі, ховатись серед книжок. [Вона](https://hikka.io/characters/sakura-yamauchi-819906) – душа компанії, яскравий спалах, який, здається, звеселяє все довкола. В неї повно друзів, які не знають, що вона помирає. Не знає ніхто, крім родини і невидимого однокласника, якого вона чомусь обрала скринькою для секретів. Він нікому не скаже, а ще не почне ставитись до неї, як до порцелянової ляльки. Їй хочеться радіти, а не бачити сльози в очах близьких.

Їхня дружба триватиме до смерті. До її смерті…

І хай [Сакурі](https://hikka.io/characters/sakura-yamauchi-819906) відміряно небагато, вона розквітне саме вчасно. Зворушлива манґа-адаптація відомого роману [Йору Суміно](https://hikka.io/people/yoru-sumino-9e4acc), створена художницею [Ідзумі Кірахарою](https://hikka.io/people/idumi-kirihara-a1ae6a), покаже неймовірну дружбу повних протилежностей, яка житиме попри все.

Джерело [Nasha idea](https://nashaidea.com/product/khochu-zisty-tvoiu-pidshlunkovu-1/)',
        'carousel'
    ),
    (
        114,
        'https://cdn.hikka.io/content/manga/the-boxer-a9f4d5/vut7loJCZwMJOM0x1hJTzw.jpg',
        'background/the-boxer-a9f4d5.jpg',
        'The Boxer',
        'Боксер',
        '2019-01-01',
        'Завершена',
        123,
        'У тебе справжній талант. Або ти невдаха. Але чи є у тебе серце? Чи є в тебе те, що потрібно? Подивимося, на що ти здатен. Справжня битва почнеться зараз!

Джерело [Zenko](https://zenko.online/titles/456)',
        'carousel'
    ),
    (
        115,
        'https://cdn.hikka.io/content/manga/return-of-the-blossoming-blade-647b06/uIzGomSncH3_eAbVJ7pmrw.jpg',
        'background/return-of-the-blossoming-blade-647b06.jpg',
        'Return of the Blossoming Blade',
        'Відродження Хуашань',
        '2021-01-01',
        'Онгоїнг',
        NULL,
        'Тринадцятий учень великої школи Хуашань, один із трьох найвидатніших фехтувальників у світі - благородний клинок квітучої сливи Чхон Мен.
Останнім ударом клинка він вбиває небесного демона, який занурив весь світ у хаос, і гине на вершині гори з голів тисячі демонів.
Через сто років він перероджується в тілі дитини, щоб відродити з попелу колись одну з найвеличніших, але нині всіма забуту школу Муріма - Хуашань.
Квітки сливи рано чи пізно опадають. Однак, коли приходить холодна зима, а за нею весна, слива розпускається у своїй повній пишноті.

Джерело [Honey Manga](https://honey-manga.com.ua/book/0f507891-0fee-4de7-b5c4-b159958ba403)',
        'popular'
    ),
    (
        116,
        'https://cdn.hikka.io/content/manga/bakemonogatari-7de3b5/GNIf-YCkuDIZHkrbOn3nQQ.jpg',
        'background/bakemonogatari-7de3b5.jpg',
        'Bakemonogatari',
        'Історії монстрів',
        '2018-01-01',
        'Завершена',
        193,
        '[Арараґі Койомі](https://hikka.io/characters/koyomi-araragi-1c374c) - учень третього класу старшої школи, який дивом пережив зустріч із вампіркою, у результаті якої він ледь не втратив свою людяність. В один зі шкільних днів він рятує від падіння зі сходів свою мовчазну і замкнуту однокласницю, [Сенджьоґахару Хітаґі](https://hikka.io/characters/hitagi-senjougahara-4b41c0), і з подивом виявляє, що та в буквальному сенсі практично не має ваги. Подолавши сумніви дівчини, Койомі все ж вдається переконати її відвідати [Ошіно Меме](https://hikka.io/characters/meme-oshino-4e956c), який, попри сумнівну зовнішність, встиг зарекомендувати себе як умілий фахівець із каї - дивних сутностей, які народжуються з бажань людей. Зустрівши таку одного разу, людина буде стикатися з ними дедалі частіше, а отже, проблема Хітаґі - не остання, з якою Койомі доведеться розібратися.

Джерело [Manga.in.ua](https://manga.in.ua/mangas/boyovik/28572-istoriji-monstriv-.html)',
        'carousel'
    ),
    (
        117,
        'https://cdn.hikka.io/content/manga/sakamichi-no-apollon-5cdcd0/6jzsAiqGGgi1xUM4u3sbxQ.jpg',
        'background/sakamichi-no-apollon-5cdcd0.jpg',
        '',
        'Аполлон зі схилу',
        '2007-01-01',
        'Завершена',
        45,
        '',
        'popular'
    ),
    (
        118,
        'https://cdn.hikka.io/content/manga/shimeji-simulation-58a3fe/MKfj3tl0s1z9jSQnneUOtg.jpg',
        'background/shimeji-simulation-58a3fe.jpg',
        '',
        'Симуляція Шімеджі',
        '2019-01-01',
        'Завершена',
        49,
        'Дівчинка, яка зачинилася в шафі на останні два роки середньої школи, розуміє, що потрібно продовжувати навчання в старшій. Коли вона вперше за довгий час виходить із шафи й дивиться на себе в дзеркало, то помічає, що в неї з голови виросли гриби шімеджі.

Джерело [Honey Manga](https://honey-manga.com.ua/book/55a01aea-9b44-43f4-abfc-dcd0d9d094d5)',
        'latest'
    ),
    (
        119,
        'https://cdn.hikka.io/content/manga/blue-giant-9d82a8/khZts-awfNvqVF55m7nAUg.jpg',
        'background/blue-giant-9d82a8.jpg',
        'Blue Giant',
        'Блакитний гігант',
        '2013-01-01',
        'Завершена',
        80,
        '',
        'popular'
    ),
    (
        120,
        'https://cdn.hikka.io/content/manga/spy-x-family-80838f/o0qKtf2RVhJgKFhQtS1Lvw.jpg',
        'background/spy-x-family-80838f.jpg',
        'Spy x Family',
        'Сім’я шпигуна',
        '2019-01-01',
        'Онгоїнг',
        NULL,
        'Холоднокровний і геніальний шпигун з кодовим ім''ям «Сутінь» завжди виконував свою роботу чітко і без зайвого шуму. Свою професію він обрав, плекаючи мрії про кращий світ. Він звик до надзвичайно складних завдань, важливість яких мала найвищий рівень, виконуючи які, він наражав своє життя на небезпеку. Але цього разу… Йому була надіслана інформація про нову місію, для успішного виконання якої «Сутінь» повинен завести сім''ю та вдавати відповідального та люблячого батька на ім''я Лойд Форджер. Так він удочерив дівчинку на ім''я Аня. Дівчинка відразу входить у роль «дочки» і радіє кожній миті, яку проводить з новим «батьком». Тепер є тато та донька, але, як же мама? Нею стане неповторна наймана вбивця на ім''я Йор Браяр (позивний "Принцеса шипів"). Манґа розкриє всі тонкощі та незвичайний життєвий шлях нової «сім''ї», в якій кожен легко може виконати найскладніше завдання, або усунути ціль, але чи зможуть вони виконувати ролі «мами», «тата» та «доньки»?

Джерело [Manga.in.ua](https://manga.in.ua/mangas/boyovik/6590-simia-shpyguna.html)',
        'popular'
    ),
    (
        121,
        'https://cdn.hikka.io/content/manga/bungou-stray-dogs-118c2f/tmYDqpz9-ct4WWeIJYjHzA.jpg',
        'background/bungou-stray-dogs-118c2f.jpg',
        'Bungo Stray Dogs',
        'Літературні генії Бродячі пси',
        '2012-01-01',
        'Онгоїнг',
        NULL,
        'Ацуші Накаджіму вигнали із дитбудинку, після чого життя юнака пішло шкереберть. У пошуках притулку і їжі юнак зневірюється у своєму житті. За мить від голодної смерті він приходить на берег річки, де рятує чоловіка, який вирішив вкоротити собі віку. Чоловік, Дадзай Осаму, і його партнер Кунікіда Доппо виявляються працівниками таємничого детективного агентства. Вони - еспери, через що працюють з особливо тяжкими злочинами, які не під силу поліції і військовим. Наразі Дадзай та Кунікіда розслідують справу про тигра, який нещодавно, майже одночасно з Ацуші, з''явився на районі. Ацуші і тигр, здається, мають багато спільного, і після того, як справу буде розкрито, юнака із агентством пов''яжуть пригоди в рази цікавіші! 

Джерело [Honey Manga](https://honey-manga.com.ua/book/15683e84-eac0-4c53-a5b4-1ea8649e6eb7)',
        'carousel'
    ),
    (
        122,
        'https://cdn.hikka.io/content/manga/yubisaki-to-renren-421b99/76Sp_fWv_kcnrQLyiASH8w.jpg',
        'background/yubisaki-to-renren-421b99.jpg',
        'A Sign of Affection',
        'Кохання на кінчиках пальців',
        '2019-01-01',
        'Онгоїнг',
        NULL,
        '[Юкі](https://hikka.io/characters/yuki-itose-fd0ef4) — студентка. Як і в багатьох інших ровесників, її повсякденне життя обертається навколо друзів, соцмереж, загалом усього, що їй подобається. Та якось вона випадково зустріла в потязі юнака, що любить подорожувати, і її світ перевернувся.

[Іцуомі](https://hikka.io/characters/itsuomi-nagi-dab3b1) трилінгв, однак не знає японської мови жестів.

Проте незабаром він нею особливо зацікавиться… Як Юкі відреагує на цього впертого однокурсника, який прагне подружитися з нею? «A Sign of affection» лаконічно і просто описує історію кохання дівчини з порушенням слуху та завзятого мандрівника. Без сумніву, стосунки між героями цієї манґи неодмінно вас зворушать!

Джерело [Nasha idea](https://nashaidea.com/product/kokhannia-na-kinchykakh-paltsiv-1/)',
        'latest'
    ),
    (
        123,
        'https://cdn.hikka.io/content/manga/berserk-shinen-no-kami-2-05f758/tzkwplwkFARyKs9OxqeJ1w.jpg',
        'background/berserk-shinen-no-kami-2-05f758.jpg',
        '',
        'Берсерк: Бог безодні (2)',
        '1996-01-01',
        'Завершена',
        1,
        '',
        'popular'
    ),
    (
        124,
        'https://cdn.hikka.io/content/manga/jojo-no-kimyou-na-bouken-part-8-jojolion-73a5d5/TfAXVIIkZuWjMTVZVCTM9A.jpg',
        'background/jojo-no-kimyou-na-bouken-part-8-jojolion-73a5d5.jpg',
        '',
        'Химерні пригоди Джоджо Частина 8: ДжоДжоліон',
        '2011-01-01',
        'Завершена',
        110,
        'Восьма сюжетна арка серії JoJo no Kimyou na Bouken.Після Великого землетрусу в Східній Японії містечко Моріо було вражене величезними земляними виступами, які місцеві жителі називають "Стіни з очима". Незважаючи на спроби пояснити цей феномен, все лише залишається під питаннями без відповідей. Тим часом дев''ятнадцятирічна жителька містечка – Ясухо Хіросе, неочікувано знаходить в дірі з-під землі невідомого хлопця з особливою родимкою у формі зірки та глибокими слідами укусів навколо неї. Юнак, втративши пам’ять, намагається зрозуміти, хто він такий. Щоб допомогти йому, сім’я власників фруктового ательє – Хіґашіката, приймає хлопця у своїй домівці. Там йому дають нове тимчасове ім’я – Джоске Хіґашіката. Однак після цього прийому таємниці тільки починають накопичуватись…

Джерело [Manga.in.ua](https://manga.in.ua/mangas/nadprirodne/16469-bizarni-prigodi-dzhodzho-dzhodzholion-jojo-no-kimyou-na-bouken-sono-8-jojolion.html)',
        'popular'
    ),
    (
        125,
        'https://cdn.hikka.io/content/manga/bastard-ad610d/7_T2aAvm9En8vWA42vv4Kg.jpg',
        'background/bastard-ad610d.jpg',
        'Bastard',
        'Сволота',
        '2014-01-01',
        'Завершена',
        94,
        'Життя Сон Джина — суцільний кошмар. У школі над ним безжально знущаються через відлюдкуватий характер і слабке здоров''я. Однак це не дуже лякає юнака, бо найбільший страх хлопця — його власний тато.Більшості людей Сон Донсу здається чуйною людиною, успішним бізнесменом і люблячим татусем. Але це лише ілюзія. У дійсності ж він божевільний серійний вбивця, а його син — мимовільний співучасник. Протягом багатьох років Джину доводилося, вводячи в оману поліцію, допомагати батькові. Проте коли його батько починає виявляти інтерес до учениці за обміном Кьон Юн, хлопець повинен прийняти рішення — бути боягузом, який відправить її на шибеницю, як решту, або сволотою, що кине виклик своєму батькові.

Джерело [Manga.in.ua](https://manga.in.ua/mangas/drama/6075-svolota.html)',
        'carousel'
    ),
    (
        126,
        'https://cdn.hikka.io/content/manga/chikan-otoko-5d92b1/uq0QyLiLkPDV_hacRnZuuQ.jpg',
        'background/chikan-otoko-5d92b1.jpg',
        '',
        'Маніяк',
        NULL,
        'Завершена',
        21,
        'Це історія про соціально непристосованого отаку, який постійно сидить на японській анонімній дошці 2ch. Одного дня його випадково на вулиці приймають за маніяка та заарештовують. На щастя це непорозуміння досить швидко вирішується, а в процесі цього головний герой знайомиться з постраждалою та її подругами. Що буде робити задрот, який ніколи в житті не спілкувався з дівчиною у компанії красунь?

Історія базується на реальному оповіданні одного відвідувача анонімної дошки 2ch у 2004 році.

Джерело [Deimos.org.ua ](https://deimos.org.ua/blog/)',
        'latest'
    ),
    (
        127,
        'https://cdn.hikka.io/content/manga/spirit-circle-d8a647/eBNsR6ujIEkmkIkuwtHirg.jpg',
        'background/spirit-circle-d8a647.jpg',
        'Spirit Circle',
        '',
        '2012-01-01',
        'Завершена',
        45,
        '',
        'popular'
    ),
    (
        128,
        'https://cdn.hikka.io/content/manga/here-u-are-aa16c1/I82H_dz-J5JQwOve9vXMYQ.jpg',
        'background/here-u-are-aa16c1.jpg',
        'Here U Are',
        'Ти тут',
        '2017-01-01',
        'Завершена',
        156,
        'Прийом новачків - завдання Ю Яна, і він допомагає нелюдимому і височенному Лі Хуану, людині, яка робить все, щоб не подобатися оточуючим. Але варто було дізнатися гіганта краще, як Ю Ян виявляє, що той не такий вже й поганий.

Джерело [Manga.in.ua](https://manga.in.ua/mangas/budenst/4368-you-are-here.html)',
        'carousel'
    ),
    (
        129,
        'https://cdn.hikka.io/content/manga/ohayou-ibarahime-fc2183/rGwWsmwWnPTtlXJTrBy8hQ.jpg',
        'background/ohayou-ibarahime-fc2183.jpg',
        'Wake Up, Sleeping Beauty',
        '',
        '2014-01-01',
        'Завершена',
        26,
        '',
        'popular'
    ),
    (
        130,
        'https://cdn.hikka.io/content/manga/blue-lock-050226/ovNRezVN6R-8ALbxkoc-6Q.jpg',
        'background/blue-lock-050226.jpg',
        'Blue Lock',
        'Синя тюрма',
        '2018-01-01',
        'Онгоїнг',
        NULL,
        'Досі вони тільки мріяли стати найкращими у світі. Але зараз це цілком реально з трьома сотнями талановитих бомбардирів!

На Чемпіонаті світу 2018 року Японія вилетіла з 1/8 фіналу… Біль, крах мрій, розчарування — це переживали уболівальники. А як щодо тих, для кого футбольний трофей був метою? Як щодо гравців, тренерських команд, функціонерів зрештою? Вони діятимуть, вони зроблять все, щоб таких провалів більше не траплялося.

«Синя тюрма» — спеціальна тренувальна база, на якій Японська футбольна асоціація зібрала 300 перспективних гравців зі студентських ліг. Ці хлопці вміють забивати голи, хоч ніколи не виступали на найвищому рівні. Тренер [Еґо Джімпачі](https://hikka.io/characters/jinpachi-ego-264f2d) зробить з них зірок, адже Японії потрібен бомбардир, якого веде вперед жага до перемоги.

Поступово під керівництвом Еґо [Йоїчі Ісаґі](https://hikka.io/characters/yoichi-isagi-d2c913) та його товариші по команді зможуть стати гравцями, які вигризуть будь-яку перемогу.

Джерело [Nasha idea](https://nashaidea.com/product/synia-tiurma-1/)',
        'carousel'
    ),
    (
        131,
        'https://cdn.hikka.io/content/manga/kami-nomi-zo-shiru-sekai-9f78d0/yurvv8hfOqnOD7hJLScCwg.jpg',
        'background/kami-nomi-zo-shiru-sekai-9f78d0.jpg',
        '',
        'Світ відомий лиш Богу',
        '2008-01-01',
        'Завершена',
        271,
        '',
        'popular'
    ),
    (
        132,
        'https://cdn.hikka.io/content/manga/eyeshield-21-235535/YN8sjgWSIhjVHS3XxQ1wQA.jpg',
        'background/eyeshield-21-235535.jpg',
        'Eyeshield 21',
        '',
        '2002-01-01',
        'Завершена',
        333,
        '',
        'carousel'
    ),
    (
        133,
        'https://cdn.hikka.io/content/manga/who-made-me-a-princess-c7b1c6/VHUvVoDEG6cxC7Z6jfrzwg.jpg',
        'background/who-made-me-a-princess-c7b1c6.jpg',
        'Who Made Me a Princess',
        'Одного дня я стала принцесою',
        '2017-01-01',
        'Завершена',
        125,
        'Одного разу я прокинулася принцесою!


Добре, що я народилася зі срібною ложкою в роті, але мені випало нещастя бути принцесою, яка загине від рук власного батька! [Клод](https://hikka.io/characters/claude-de-alger-obelia-f021cd) — холоднокровний імператор, який не знає милосердя! Щоби вижити, мені не можна траплятися йому на очі. Але сталося невідворотне:
«Відколи це ти ошиваєшся в моєму палаці?»


[Атанасія](https://hikka.io/characters/athanasia-de-alger-obelia-3b7240) привернула увагу імператора.

Чи вдасться їй вижити?

Джерело [Mimir Media](https://mimir.com.ua/product/odnogo-razu-ya-stala-prynczesoyu-tom-1/)',
        'popular'
    ),
    (
        134,
        'https://cdn.hikka.io/content/manga/shimanami-tasogare-4a2acf/MSi8DQ2eHs3oYSw7xz3W0w.jpg',
        'background/shimanami-tasogare-4a2acf.jpg',
        'Our Dreams at Dusk: Shimanami Tasogare',
        '',
        '2015-01-01',
        'Завершена',
        23,
        '',
        'latest'
    ),
    (
        135,
        'https://cdn.hikka.io/content/manga/hinamatsuri-da48d7/ws3CDd59Lf5Evb_YknCgRg.jpg',
        'background/hinamatsuri-da48d7.jpg',
        'Hinamatsuri',
        'Свято ляльок',
        '2010-01-01',
        'Завершена',
        117,
        '',
        'carousel'
    ),
    (
        136,
        'https://cdn.hikka.io/content/manga/vanitas-no-karte-9aee0d/X_Lt0Vz4Ybrm02nw-BvQkQ.jpg',
        'background/vanitas-no-karte-9aee0d.jpg',
        'The Case Study of Vanitas',
        'Мемуари Ванітаса',
        '2015-01-01',
        'Онгоїнг',
        NULL,
        'Був колись вампір, якого звали Ванітас, і ненавиділи його всі інші вампіри, бо народився під лазуровим повним місяцем, а не в ніч багряного. Наляканий і самотній він створив «Книгу Ванітаса», проклятий ґримуар, який одного дня помститься всім вампірам… Принаймні так розповідає історія.

Молодий авантюрист [Ной](https://hikka.io/characters/noe-archiviste-b05430) чув про цю книгу і прагне її відшукати. Він пускається в мандрівку до Парижа на дирижаблі, адже там губиться слід ґримуару. Схоже, книга дійсно проклята, адже в місті на Ноя нападає вампір… Але якимось дивом юнак опиняється ближче до своєї мети, адже лікар, який подбає про його рани, чув про ґримуар, більше того, його самого звати [Ванітас](https://hikka.io/characters/vanitas-74ae84).

Джерело [Nasha idea](https://nashaidea.com/product/memuary-vanitasa-1/)',
        'latest'
    ),
    (
        137,
        'https://cdn.hikka.io/content/manga/kininatteru-hito-ga-otoko-ja-nakatta-42c35b/SxUCXcu9xmmNvFS0SI-etw.jpg',
        'background/kininatteru-hito-ga-otoko-ja-nakatta-42c35b.jpg',
        'The Guy She Was Interested in Wasn''t a Guy at All',
        'Хлопець, який їй сподобався, — не хлопець',
        '2023-01-01',
        'Онгоїнг',
        NULL,
        '[Ая](https://hikka.io/characters/aya-oosawa-5240dc) — стильна та життєрадісна старшокласниця, яка до нестями обожнює рок. Щоправда, однокласникам її пристрасть до жанру дещо складно зрозуміти… Здається, гарний смак у музиці серед знайомих має лише вона, допоки раптовий візит до музичного магазину не зводить її з ним — таємничим і вродливим продавцем, одягненим у все чорне, та ще й поціновувачем Nirvana! Аї вистачило лише одного погляду, щоб закохатись у незнайомця по самісінькі вуха! Проте дівчина навіть не здогадується, що хлопець, на якого вона запала, зовсім не той, ким здається.

На відміну від відкритої та яскравої Аї, [Міцукі](https://hikka.io/characters/mitsuki-koga-99e15b) хоче лишатися в тіні. У повсякденні вона мовчазна, відлюдькувата й схожа на сіру мишу. Ніхто б і не припустив, що хлопця, якого ледь виловиш на зміні в магазині, Ая бачить щодня. А що ж робити Міцукі? Сказати правду — означає ризикнути всім. Але чомусь із кожною зустріччю її все більше тягне бути поруч із Аєю…

Джерело [Nasha idea](https://nashaidea.com/product/ne-khlopets-tom-1/)',
        'popular'
    ),
    (
        138,
        'https://cdn.hikka.io/content/manga/cross-game-5aeaff/gFu1TlU7PnHHqF1VUP4-2g.jpg',
        'background/cross-game-5aeaff.jpg',
        'Cross Game',
        '',
        '2005-01-01',
        'Завершена',
        170,
        '',
        'carousel'
    ),
    (
        139,
        'https://cdn.hikka.io/content/manga/blanc-28a29e/Cv9liac2RpOPJwhj36nR0A.jpg',
        'background/blanc-28a29e.jpg',
        'Classmates: blanc',
        '',
        '2018-01-01',
        'Завершена',
        12,
        '',
        'carousel'
    ),
    (
        140,
        'https://cdn.hikka.io/content/manga/dandadan-38b16f/vqyopleUBVzWUjKDOCD9FA.jpg',
        'background/dandadan-38b16f.jpg',
        'Dandadan',
        'Дандадан',
        '2021-01-01',
        'Онгоїнг',
        NULL,
        'Чорти, чудовиська, позаземці, підлітковий роман, махачі та дідько б їх узяв… раковини! У цій манзі ви знайдете все! Окультний фанбой [Такакура](https://hikka.io/characters/ken-takakura-7ad2bb), його подруга [Аясе](https://hikka.io/characters/momo-ayase-3fe653) та їх надприродні пригоди у новій психоломній манзі!

Джерело [Manga.in.ua](https://manga.in.ua/mangas/boyovik/3977-dandan.html)',
        'popular'
    ),
    (
        141,
        'https://cdn.hikka.io/content/manga/villains-are-destined-to-die-8c0f44/wh4WmXyy1A-wlZ0E_SuYcw.jpg',
        'background/villains-are-destined-to-die-8c0f44.jpg',
        'Villains Are Destined to Die',
        'Єдиний фінал лиходіїв – смерть',
        '2020-01-01',
        'Онгоїнг',
        NULL,
        'У легкому режимі «Кохання-кохання юної леді» ви граєте за [Івонн](https://hikka.io/characters/ivonne-eckhart-ae1720), давно втрачену доньку герцога, яка швидко завойовує прихильність різних чоловічих персонажів, щоби пройти гру. Справді легко! У складному режимі ви граєте за «лиходійку» [Пенелопу Екарт](https://hikka.io/characters/penelope-eckhart-60a7ce), фальшиву доньку герцога, яка починає свою пригоду з від’ємним рівнем симпатії. Це й так складно… а ще на кожному кроці підстерігає загроза жахливої смерті!

Звичайна дівчина, яку ніхто не розуміє, та яка просто жадає кохання, помічає, що в неї багато спільного з Пенелопою. Вона знову й знову намагається отримати свій «щасливий фінал». І ось у неї з’являється ще один шанс… коли вона прокидається в тілі самої Пенелопи у ворожому світі гри!

Джерело [MIMIR MEDIA](https://mimir.com.ua/product/yedynyi-final-lyhodiyiv-smert-tom-1/)',
        'carousel'
    ),
    (
        142,
        'https://cdn.hikka.io/content/manga/ookami-to-koushinryou-85e8d0/oMun5M4iJAAkYJWwa_QWcQ.jpg',
        'background/ookami-to-koushinryou-85e8d0.jpg',
        'Spice & Wolf',
        'Вовчиця і прянощі',
        '2007-01-01',
        'Завершена',
        108,
        'Колись давно люди попрохали богиню-вовчицю Холо захисту для врожаїв на полях свого селища, але з часом новітні технології витіснили старі вірування. Люди забули про богиню, але вона все ще скована древньою домовленістю, скасувати яку можуть лише самі люди. І тут раптово з’являється Лоуренс — бродячий купець — що береться відвести Холо додому на Північ, натомість отримуючи її божественну допомогу в усіх справах. Та не лише добрі наміри сподвигають Лоуренса на такий вчинок — йому і самому час тікати з селища, де місцева красуня намагається затягти його під вінець. Шлях мандрівників сповнений небезпек та неочікуваних зустрічей, а часом їм трапляється і допомагати комусь, адже це, певною мірою, їхня робота.

Джерело [Manga.in.ua](https://manga.in.ua/mangas/budenst/66039-vovchicja-ta-prjanoschi.html)',
        'latest'
    ),
    (
        143,
        'https://cdn.hikka.io/content/manga/yuukoku-no-moriarty-bf47ad/5ZRoZKYni_yiCoCSbOIOvA.jpg',
        'background/yuukoku-no-moriarty-bf47ad.jpg',
        'Moriarty the Patriot',
        'Патріот Моріарті',
        '2016-01-01',
        'Онгоїнг',
        NULL,
        'Наприкінці 19 століття Британська імперія стала глобальною державою. Через суворе класове розшарування пересічний громадянин має мало шансів успішно піднятися на вершину, де над усіма панує підла знать. У дитячому притулку син графа Моріарті, Альберт, зустрічає двох обдарованих сиріт, Вільяма Джеймса та Луїса Джеймса та згодом дізнається, що їх об''єднує ненависть до корумпованої британської знаті, після чого сім''я Альберта Моріарті усиновлює хлопців. Вони втрьох планують вбити жорстокого брата Альберта, якого також звуть Вільямом, спалити сімейний маєток, а потім почати нове спільне життя, спрямоване на використання незаконних засобів для знищення класової системи, яка мучила країну протягом століть.

Джерело [Zenko](https://zenko.online/titles/1132)',
        'carousel'
    ),
    (
        144,
        'https://cdn.hikka.io/content/manga/rainbow-nisha-rokubou-no-shichinin-a3a660/0qeJVLZ-RtmWgQ_TCDo_ZA.jpg',
        'background/rainbow-nisha-rokubou-no-shichinin-a3a660.jpg',
        '',
        'Веселка: Семеро з шостої камери другого блоку',
        '2002-01-01',
        'Завершена',
        235,
        'Шестеро підлітків — [Джо](https://hikka.io/characters/jou-yokosuka-d4ead5), [Маріо](https://hikka.io/characters/mario-minakami-40809d), [Суппон](https://hikka.io/characters/noboru-maeda-e7cda6), [Баремото](https://hikka.io/characters/ryuuji-nomoto-7dd5b7), [Хейтай](https://hikka.io/characters/tadayoshi-tooyama-b487f3) та [Кябецу](https://hikka.io/characters/mansaku-matsuura-1dd37d) — опиняються у виправній колонії за різні злочини: від тяжких нападів і шахрайства до втечі з-під арешту. Їхнє життя в пеклі починається одразу ж після прибуття.

Поселившись у камері разом із загадковим хлопцем на ім’я Сакураґі, якого всі звуть Анчан, компанія швидко відчуває наростання напруги. Зрештою вибухає бійка — і шість бунтівників без шансів програють цьому дивному юнакові, який виявляє феноменальні боксерські здібності.



Це історія не лише про боротьбу сімох юнаків за виживання в жорстокому, безжальному світі, але й про біль відчуження — від суспільства й навіть від найближчих людей. У центрі сюжету — неймовірні, майже непереможні дружні зв''язки, які розквітають навіть у найтемніших умовах.

Джерело [MyAnimeList](https://myanimelist.net/manga/7482/Rainbow__Nisha_Rokubou_no_Shichinin?q=Rainbow%3A%20Nisha%20Rokubou%20no%20Shichinin&cat=manga)',
        'carousel'
    ),
    (
        145,
        'https://cdn.hikka.io/content/manga/song-of-the-long-march-271136/kbY4nGDCn6uiGTJtsakKlQ.jpg',
        'background/song-of-the-long-march-271136.jpg',
        '',
        'Подорож Чанге',
        '2011-01-01',
        'Онгоїнг',
        NULL,
        'В один момент все докорінно змінилося. Лі Чанге, колись майбутня принцеса і донька спадкоємного принца династії Тан, дізнається, що її батька жорстоко вбили, а матінка – наклала на себе руки. Тепер вона мусить тікати з імператорського палацу і переховуватись деінде. Переодягнувшись юнаком, принцеса Юннін живе у вигнанні, з палкою жагою помсти глибоко у серці. Країна у неспокої, людські серця ще тривожаться, а ззовні – хижо пильнує могутній ворог. Все те, що Чанге пізнає у своїй подорожі –  змусить її постати перед тяжким вибором між сімейною ворожнечею та процвітанням величної Тан.  

Джерело [Honey Manga](https://honey-manga.com.ua/book/6a508384-36f6-4dad-a551-7ed2d957d0d0)',
        'popular'
    ),
    (
        146,
        'https://cdn.hikka.io/content/manga/lost-in-the-cloud-042c91/Cj9-48w8by4JrrRrBs1nXg.jpg',
        'background/lost-in-the-cloud-042c91.jpg',
        'Lost in the Cloud',
        'Загублений у хмарі',
        '2020-01-01',
        'Завершена',
        131,
        'У Ханиля є таємне хобі - фотографувати своє нерозділене кохання, Чан Іля. Але коли Хьонун натрапляє на хмарне сховище Ханиля, з його вражаючою колекцією фотографій, ситуація досить швидко загострюється. Спершу Ханиль вважає, що його таємниця в безпеці з Хьонуном, але все частіше потрапляє в ситуації, що наштовхують його на роздуми щодо істинних мотивів Хьонуна.
Чи збереже Хьонун секрет? Яка його справжня мета?

Джерело [Zenko](https://zenko.online/titles/74)',
        'carousel'
    ),
    (
        147,
        'https://cdn.hikka.io/content/manga/dragon-ball-9e7981/hZ61hOVmepXDZnv7lpGcFA.jpg',
        'background/dragon-ball-9e7981.jpg',
        'Dragon Ball',
        'Перлина дракона',
        '1984-01-01',
        'Завершена',
        520,
        'В іншому світі є містичні Сфери дракона — сім куль, які якщо зібрати їх усіх разом, здійснюють будь-яке бажання!Під час їхніх пошуків дівчинка Блума зустріла хлопчика із хвостом на ім''я Сон Ґокуу, у якого була одна зі Сфер дракона. Разом вони вирушать на пошуки у захопливу подорож, повну друзів, ворогів, дружби та битв за долю цілого світу!

Джерело [Manga.in.ua](https://manga.in.ua/mangas/boyovik/66-dragon-ball.html)',
        'latest'
    ),
    (
        148,
        'https://cdn.hikka.io/content/manga/holyland-2a60a7/IVcX2n5gptuUpxkk_geTiQ.jpg',
        'background/holyland-2a60a7.jpg',
        'Holyland',
        'Свята земля',
        '2000-01-01',
        'Завершена',
        182,
        '',
        'carousel'
    ),
    (
        149,
        'https://cdn.hikka.io/content/manga/doraemon-e29fdc/NE6nwsZcTLFM2LUDe1gOFw.jpg',
        'background/doraemon-e29fdc.jpg',
        'Doraemon',
        'Дораемон',
        '1969-01-01',
        'Завершена',
        821,
        '',
        'popular'
    ),
    (
        150,
        'https://cdn.hikka.io/content/manga/umineko-no-naku-koro-ni-chiru-episode-6-dawn-of-the-golden-witch-74e6aa/H-FB-dcLqEQLjddhWKOrvw.jpg',
        'background/umineko-no-naku-koro-ni-chiru-episode-6-dawn-of-the-golden-witch-74e6aa.jpg',
        'Umineko WHEN THEY CRY Episode 6: Dawn of the Golden Witch',
        'У час, коли плачуть чайки Епізод 6: Світанок Золотої відьми',
        '2010-01-01',
        'Завершена',
        26,
        '',
        'latest'
    );

INSERT INTO
    public.manga_authors (manga_id, author_id, role)
VALUES
    (1, 1, 'author'),
    (1, 1, 'artist'),
    (1, 2, 'artist'),
    (2, 3, 'author'),
    (2, 3, 'artist'),
    (3, 4, 'author'),
    (3, 4, 'artist'),
    (3, 5, 'author'),
    (4, 6, 'author'),
    (4, 6, 'artist'),
    (5, 7, 'author'),
    (5, 7, 'artist'),
    (6, 8, 'author'),
    (6, 8, 'artist'),
    (7, 4, 'author'),
    (7, 4, 'artist'),
    (8, 9, 'author'),
    (8, 9, 'artist'),
    (9, 10, 'author'),
    (9, 11, 'artist'),
    (10, 12, 'author'),
    (10, 12, 'artist'),
    (11, 13, 'author'),
    (11, 13, 'artist'),
    (12, 14, 'author'),
    (12, 14, 'artist'),
    (13, 4, 'author'),
    (13, 4, 'artist'),
    (14, 7, 'author'),
    (14, 7, 'artist'),
    (15, 15, 'author'),
    (15, 16, 'artist'),
    (16, 17, 'author'),
    (16, 17, 'artist'),
    (17, 18, 'author'),
    (18, 19, 'author'),
    (18, 19, 'artist'),
    (19, 20, 'author'),
    (19, 20, 'artist'),
    (20, 21, 'author'),
    (20, 22, 'artist'),
    (21, 23, 'author'),
    (21, 23, 'artist'),
    (22, 24, 'author'),
    (22, 24, 'artist'),
    (24, 25, 'author'),
    (24, 25, 'artist'),
    (25, 26, 'author'),
    (25, 26, 'artist'),
    (26, 27, 'author'),
    (26, 27, 'artist'),
    (27, 28, 'author'),
    (28, 29, 'author'),
    (28, 29, 'artist'),
    (29, 30, 'author'),
    (29, 30, 'artist'),
    (30, 31, 'author'),
    (30, 31, 'artist'),
    (31, 32, 'artist'),
    (33, 33, 'author'),
    (33, 33, 'artist'),
    (34, 34, 'author'),
    (34, 34, 'artist'),
    (35, 35, 'author'),
    (35, 35, 'artist'),
    (36, 36, 'author'),
    (36, 36, 'artist'),
    (37, 37, 'author'),
    (37, 37, 'artist'),
    (38, 38, 'author'),
    (38, 38, 'artist'),
    (40, 39, 'artist'),
    (40, 40, 'author'),
    (41, 41, 'author'),
    (41, 41, 'artist'),
    (42, 42, 'author'),
    (42, 42, 'artist'),
    (43, 43, 'author'),
    (43, 43, 'artist'),
    (44, 44, 'artist'),
    (44, 45, 'author'),
    (45, 46, 'author'),
    (45, 46, 'artist'),
    (46, 47, 'author'),
    (46, 47, 'artist'),
    (48, 48, 'author'),
    (48, 48, 'artist'),
    (49, 49, 'author'),
    (49, 49, 'artist'),
    (50, 50, 'author'),
    (51, 51, 'author'),
    (51, 51, 'artist'),
    (53, 52, 'author'),
    (53, 52, 'artist'),
    (54, 53, 'author'),
    (54, 53, 'artist'),
    (55, 54, 'author'),
    (55, 54, 'artist'),
    (56, 55, 'author'),
    (56, 55, 'artist'),
    (56, 56, 'author'),
    (57, 57, 'author'),
    (58, 58, 'author'),
    (58, 59, 'artist'),
    (59, 43, 'author'),
    (59, 43, 'artist'),
    (60, 60, 'author'),
    (60, 60, 'artist'),
    (61, 61, 'artist'),
    (61, 18, 'author'),
    (62, 62, 'author'),
    (62, 62, 'artist'),
    (63, 63, 'author'),
    (63, 64, 'artist'),
    (64, 65, 'author'),
    (64, 65, 'artist'),
    (65, 66, 'author'),
    (65, 67, 'artist'),
    (66, 28, 'author'),
    (67, 7, 'author'),
    (67, 7, 'artist'),
    (67, 68, 'author'),
    (68, 69, 'author'),
    (68, 69, 'artist'),
    (69, 40, 'author'),
    (69, 40, 'artist'),
    (70, 70, 'author'),
    (70, 70, 'artist'),
    (71, 71, 'author'),
    (71, 71, 'artist'),
    (72, 72, 'author'),
    (72, 72, 'artist'),
    (73, 73, 'author'),
    (73, 73, 'artist'),
    (74, 74, 'author'),
    (74, 74, 'artist'),
    (76, 75, 'author'),
    (76, 75, 'artist'),
    (79, 76, 'author'),
    (79, 76, 'artist'),
    (80, 77, 'author'),
    (80, 77, 'artist'),
    (81, 78, 'author'),
    (81, 78, 'artist'),
    (82, 3, 'author'),
    (82, 3, 'artist'),
    (83, 79, 'author'),
    (83, 79, 'artist'),
    (84, 80, 'author'),
    (84, 80, 'artist'),
    (85, 7, 'author'),
    (85, 7, 'artist'),
    (85, 81, 'author'),
    (87, 82, 'author'),
    (87, 82, 'artist'),
    (88, 83, 'author'),
    (88, 83, 'artist'),
    (90, 84, 'author'),
    (90, 84, 'artist'),
    (91, 85, 'author'),
    (91, 85, 'artist'),
    (92, 86, 'author'),
    (92, 86, 'artist'),
    (93, 87, 'author'),
    (93, 87, 'artist'),
    (94, 88, 'author'),
    (94, 88, 'artist'),
    (95, 89, 'artist'),
    (96, 90, 'author'),
    (96, 90, 'artist'),
    (97, 91, 'author'),
    (97, 91, 'artist'),
    (98, 92, 'author'),
    (98, 93, 'artist'),
    (99, 68, 'author'),
    (99, 68, 'artist'),
    (100, 94, 'author'),
    (100, 94, 'artist'),
    (101, 95, 'author'),
    (101, 95, 'artist'),
    (102, 96, 'author'),
    (102, 96, 'artist'),
    (103, 97, 'author'),
    (103, 97, 'artist'),
    (104, 98, 'author'),
    (104, 98, 'artist'),
    (105, 99, 'author'),
    (105, 99, 'artist'),
    (106, 100, 'author'),
    (106, 100, 'artist'),
    (107, 18, 'author'),
    (108, 101, 'author'),
    (108, 101, 'artist'),
    (109, 102, 'author'),
    (109, 102, 'artist'),
    (110, 103, 'author'),
    (110, 103, 'artist'),
    (110, 104, 'author'),
    (111, 105, 'artist'),
    (112, 106, 'author'),
    (112, 106, 'artist'),
    (113, 107, 'artist'),
    (113, 108, 'author'),
    (114, 41, 'author'),
    (114, 41, 'artist'),
    (116, 109, 'artist'),
    (116, 110, 'author'),
    (117, 111, 'author'),
    (117, 111, 'artist'),
    (118, 37, 'author'),
    (118, 37, 'artist'),
    (119, 112, 'author'),
    (119, 112, 'artist'),
    (120, 113, 'author'),
    (120, 113, 'artist'),
    (121, 57, 'author'),
    (121, 114, 'artist'),
    (122, 115, 'author'),
    (122, 115, 'artist'),
    (123, 1, 'author'),
    (123, 1, 'artist'),
    (124, 3, 'author'),
    (124, 3, 'artist'),
    (125, 116, 'author'),
    (126, 117, 'author'),
    (126, 117, 'artist'),
    (127, 118, 'author'),
    (127, 118, 'artist'),
    (128, 119, 'author'),
    (128, 119, 'artist'),
    (129, 120, 'author'),
    (129, 120, 'artist'),
    (130, 121, 'author'),
    (130, 122, 'artist'),
    (131, 123, 'author'),
    (131, 123, 'artist'),
    (132, 124, 'author'),
    (132, 39, 'artist'),
    (133, 125, 'artist'),
    (133, 126, 'author'),
    (134, 127, 'author'),
    (134, 127, 'artist'),
    (135, 128, 'author'),
    (135, 128, 'artist'),
    (136, 80, 'author'),
    (136, 80, 'artist'),
    (137, 129, 'author'),
    (137, 129, 'artist'),
    (138, 130, 'author'),
    (138, 130, 'artist'),
    (139, 131, 'author'),
    (139, 131, 'artist'),
    (140, 132, 'author'),
    (140, 132, 'artist'),
    (141, 133, 'artist'),
    (142, 134, 'artist'),
    (142, 135, 'author'),
    (143, 136, 'author'),
    (143, 137, 'artist'),
    (144, 138, 'author'),
    (144, 139, 'artist'),
    (145, 140, 'author'),
    (145, 140, 'artist'),
    (146, 141, 'author'),
    (146, 141, 'artist'),
    (147, 142, 'author'),
    (147, 142, 'artist'),
    (148, 143, 'author'),
    (148, 143, 'artist'),
    (149, 144, 'author'),
    (149, 144, 'artist'),
    (150, 18, 'author'),
    (150, 145, 'artist');

INSERT INTO
    public.manga_genres (manga_id, genre_id)
VALUES
    (1, 1),
    (1, 2),
    (1, 3),
    (1, 4),
    (1, 5),
    (1, 6),
    (1, 7),
    (1, 8),
    (1, 9),
    (1, 10),
    (1, 11),
    (2, 12),
    (2, 6),
    (2, 9),
    (2, 11),
    (3, 3),
    (3, 6),
    (3, 13),
    (3, 14),
    (3, 11),
    (4, 15),
    (4, 6),
    (4, 7),
    (4, 11),
    (5, 12),
    (5, 16),
    (5, 3),
    (5, 4),
    (5, 5),
    (6, 3),
    (6, 5),
    (6, 6),
    (6, 11),
    (7, 17),
    (7, 3),
    (7, 18),
    (7, 15),
    (8, 3),
    (8, 5),
    (8, 15),
    (8, 6),
    (8, 7),
    (8, 11),
    (10, 3),
    (10, 6),
    (10, 13),
    (10, 10),
    (11, 19),
    (11, 5),
    (12, 5),
    (12, 6),
    (12, 7),
    (13, 17),
    (13, 3),
    (13, 4),
    (13, 5),
    (14, 20),
    (14, 12),
    (14, 3),
    (14, 4),
    (14, 5),
    (14, 13),
    (15, 17),
    (15, 19),
    (15, 5),
    (15, 15),
    (16, 3),
    (16, 19),
    (16, 21),
    (16, 22),
    (16, 23),
    (17, 12),
    (17, 5),
    (17, 15),
    (17, 7),
    (17, 9),
    (18, 3),
    (18, 18),
    (18, 24),
    (18, 21),
    (19, 17),
    (19, 3),
    (19, 18),
    (19, 15),
    (20, 3),
    (20, 5),
    (20, 15),
    (20, 7),
    (20, 11),
    (21, 3),
    (21, 5),
    (21, 15),
    (22, 24),
    (22, 5),
    (23, 21),
    (23, 25),
    (23, 7),
    (23, 11),
    (24, 3),
    (24, 19),
    (24, 26),
    (24, 5),
    (24, 22),
    (24, 23),
    (25, 24),
    (25, 6),
    (25, 7),
    (25, 27),
    (25, 11),
    (26, 17),
    (26, 3),
    (26, 5),
    (27, 5),
    (27, 28),
    (27, 6),
    (27, 7),
    (27, 13),
    (27, 8),
    (27, 9),
    (27, 11),
    (28, 16),
    (28, 3),
    (28, 24),
    (28, 5),
    (28, 29),
    (28, 27),
    (28, 30),
    (29, 3),
    (29, 6),
    (29, 7),
    (29, 9),
    (29, 11),
    (30, 31),
    (30, 3),
    (30, 21),
    (30, 7),
    (31, 15),
    (33, 15),
    (33, 6),
    (33, 7),
    (33, 11),
    (34, 17),
    (34, 3),
    (34, 15),
    (35, 20),
    (35, 16),
    (35, 3),
    (35, 5),
    (35, 32),
    (35, 33),
    (36, 20),
    (36, 5),
    (36, 7),
    (36, 11),
    (37, 3),
    (37, 19),
    (37, 11),
    (38, 18),
    (38, 15),
    (38, 29),
    (39, 19),
    (39, 24),
    (39, 5),
    (40, 34),
    (40, 21),
    (40, 6),
    (40, 35),
    (41, 5),
    (41, 11),
    (42, 12),
    (42, 16),
    (42, 3),
    (42, 7),
    (42, 13),
    (42, 23),
    (42, 9),
    (43, 1),
    (43, 3),
    (43, 15),
    (43, 6),
    (43, 7),
    (43, 9),
    (44, 15),
    (44, 9),
    (45, 3),
    (45, 24),
    (45, 5),
    (45, 15),
    (46, 17),
    (46, 3),
    (46, 5),
    (47, 7),
    (47, 11),
    (48, 2),
    (48, 21),
    (48, 6),
    (48, 7),
    (50, 12),
    (50, 36),
    (50, 5),
    (50, 13),
    (51, 5),
    (51, 9),
    (51, 27),
    (53, 37),
    (53, 5),
    (54, 20),
    (54, 3),
    (54, 6),
    (55, 20),
    (55, 3),
    (55, 19),
    (55, 5),
    (56, 17),
    (56, 3),
    (57, 12),
    (57, 15),
    (57, 6),
    (57, 9),
    (58, 16),
    (58, 6),
    (58, 7),
    (58, 11),
    (59, 15),
    (60, 20),
    (60, 38),
    (60, 21),
    (60, 15),
    (60, 6),
    (60, 13),
    (60, 35),
    (60, 14),
    (61, 12),
    (61, 5),
    (61, 15),
    (61, 9),
    (62, 19),
    (62, 24),
    (62, 21),
    (62, 5),
    (63, 6),
    (63, 7),
    (63, 11),
    (64, 3),
    (64, 6),
    (64, 11),
    (65, 13),
    (65, 14),
    (66, 12),
    (66, 28),
    (66, 6),
    (66, 7),
    (66, 13),
    (66, 8),
    (66, 9),
    (66, 11),
    (67, 20),
    (67, 12),
    (67, 3),
    (67, 4),
    (67, 6),
    (67, 39),
    (68, 17),
    (68, 5),
    (68, 6),
    (69, 3),
    (69, 21),
    (69, 6),
    (69, 9),
    (70, 3),
    (70, 18),
    (70, 5),
    (71, 20),
    (71, 19),
    (71, 21),
    (71, 5),
    (71, 15),
    (71, 11),
    (72, 40),
    (72, 26),
    (72, 4),
    (73, 41),
    (73, 4),
    (73, 5),
    (73, 6),
    (73, 27),
    (73, 11),
    (74, 3),
    (74, 5),
    (76, 3),
    (76, 18),
    (76, 24),
    (76, 5),
    (76, 15),
    (76, 29),
    (79, 16),
    (79, 40),
    (79, 26),
    (79, 4),
    (80, 20),
    (80, 12),
    (80, 42),
    (80, 4),
    (80, 5),
    (80, 6),
    (81, 21),
    (81, 28),
    (82, 15),
    (82, 6),
    (82, 9),
    (83, 3),
    (83, 26),
    (83, 5),
    (83, 30),
    (84, 12),
    (84, 15),
    (84, 7),
    (84, 9),
    (84, 11),
    (85, 12),
    (85, 4),
    (85, 5),
    (85, 13),
    (85, 39),
    (85, 9),
    (86, 6),
    (86, 7),
    (86, 11),
    (87, 3),
    (87, 24),
    (88, 18),
    (88, 15),
    (89, 43),
    (89, 18),
    (89, 24),
    (89, 21),
    (89, 9),
    (90, 1),
    (90, 3),
    (90, 5),
    (90, 15),
    (90, 6),
    (90, 10),
    (91, 15),
    (92, 24),
    (92, 21),
    (92, 5),
    (92, 27),
    (92, 30),
    (93, 16),
    (93, 3),
    (93, 21),
    (95, 17),
    (95, 19),
    (95, 5),
    (96, 1),
    (96, 2),
    (96, 4),
    (96, 6),
    (96, 7),
    (97, 24),
    (97, 21),
    (97, 7),
    (97, 9),
    (97, 27),
    (99, 20),
    (99, 24),
    (99, 4),
    (99, 5),
    (99, 15),
    (99, 7),
    (99, 13),
    (99, 32),
    (99, 9),
    (100, 3),
    (100, 18),
    (100, 24),
    (100, 5),
    (100, 9),
    (100, 27),
    (100, 30),
    (101, 5),
    (101, 15),
    (101, 6),
    (101, 13),
    (101, 14),
    (102, 16),
    (102, 4),
    (103, 18),
    (104, 17),
    (104, 5),
    (107, 12),
    (107, 2),
    (107, 5),
    (107, 15),
    (107, 7),
    (107, 9),
    (108, 18),
    (108, 24),
    (108, 21),
    (108, 5),
    (108, 27),
    (109, 44),
    (109, 3),
    (109, 19),
    (110, 20),
    (110, 42),
    (110, 3),
    (110, 5),
    (110, 15),
    (110, 6),
    (110, 32),
    (110, 10),
    (111, 24),
    (111, 4),
    (111, 5),
    (111, 29),
    (112, 18),
    (112, 5),
    (112, 28),
    (112, 29),
    (113, 24),
    (113, 5),
    (114, 17),
    (114, 5),
    (115, 6),
    (115, 7),
    (115, 45),
    (115, 11),
    (116, 12),
    (116, 24),
    (116, 21),
    (116, 5),
    (116, 15),
    (116, 6),
    (116, 9),
    (117, 3),
    (117, 18),
    (117, 24),
    (117, 5),
    (117, 29),
    (117, 30),
    (120, 21),
    (120, 15),
    (120, 6),
    (121, 12),
    (121, 6),
    (121, 9),
    (122, 27),
    (124, 12),
    (124, 3),
    (124, 6),
    (124, 9),
    (124, 11),
    (125, 12),
    (125, 1),
    (125, 2),
    (125, 24),
    (125, 4),
    (125, 5),
    (126, 19),
    (126, 24),
    (126, 21),
    (126, 5),
    (127, 24),
    (127, 21),
    (127, 5),
    (127, 6),
    (127, 9),
    (127, 11),
    (128, 19),
    (128, 5),
    (128, 28),
    (129, 24),
    (129, 9),
    (129, 27),
    (130, 17),
    (130, 3),
    (130, 15),
    (131, 43),
    (131, 18),
    (131, 24),
    (131, 21),
    (131, 15),
    (131, 7),
    (131, 9),
    (132, 15),
    (133, 5),
    (133, 7),
    (134, 19),
    (134, 5),
    (135, 21),
    (135, 22),
    (135, 9),
    (136, 15),
    (136, 46),
    (136, 13),
    (138, 17),
    (138, 3),
    (138, 18),
    (138, 24),
    (138, 21),
    (138, 5),
    (138, 15),
    (139, 19),
    (139, 5),
    (139, 28),
    (140, 21),
    (140, 15),
    (140, 6),
    (140, 9),
    (141, 47),
    (141, 24),
    (141, 5),
    (141, 7),
    (142, 16),
    (142, 24),
    (142, 5),
    (142, 7),
    (142, 13),
    (142, 9),
    (142, 11),
    (143, 12),
    (143, 16),
    (143, 4),
    (143, 15),
    (143, 13),
    (144, 41),
    (144, 3),
    (144, 4),
    (144, 5),
    (144, 13),
    (145, 5),
    (145, 6),
    (145, 11),
    (146, 18),
    (146, 4),
    (147, 20),
    (147, 34),
    (147, 21),
    (147, 15),
    (147, 6),
    (147, 7),
    (147, 45),
    (147, 11),
    (148, 41),
    (148, 4),
    (148, 45),
    (149, 20),
    (149, 3),
    (149, 19),
    (149, 18),
    (149, 48),
    (149, 21),
    (149, 11),
    (150, 12),
    (150, 2),
    (150, 5),
    (150, 15),
    (150, 9);